2020,https://www.plusliga.pl/games/id/1101314/tour/2020.html
2020,https://www.plusliga.pl/games/id/1101313/tour/2020.html
2020,https://www.plusliga.pl/games/id/1101310/tour/2020.html
2020,https://www.plusliga.pl/games/id/1101312/tour/2020.html
2020,https://www.plusliga.pl/games/id/1101309/tour/2020.html
2020,https://www.plusliga.pl/games/id/1101311/tour/2020.html
2020,https://www.plusliga.pl/games/id/1101385/tour/2020.html
2020,https://www.plusliga.pl/games/id/1101304/tour/2020.html
2020,https://www.plusliga.pl/games/id/1101303/tour/2020.html
2020,https://www.plusliga.pl/games/id/1101327/tour/2020.html
2020,https://www.plusliga.pl/games/id/1101326/tour/2020.html
2020,https://www.plusliga.pl/games/id/1101387/tour/2020.html
2020,https://www.plusliga.pl/games/id/1101325/tour/2020.html
2020,https://www.plusliga.pl/games/id/1101308/tour/2020.html
2020,https://www.plusliga.pl/games/id/1101305/tour/2020.html
2020,https://www.plusliga.pl/games/id/1101320/tour/2020.html
2020,https://www.plusliga.pl/games/id/1101306/tour/2020.html
2020,https://www.plusliga.pl/games/id/1101321/tour/2020.html
2020,https://www.plusliga.pl/games/id/1101391/tour/2020.html
2020,https://www.plusliga.pl/games/id/1101323/tour/2020.html
2020,https://www.plusliga.pl/games/id/1101322/tour/2020.html
2020,https://www.plusliga.pl/games/id/1101324/tour/2020.html
2020,https://www.plusliga.pl/games/id/1101307/tour/2020.html
2020,https://www.plusliga.pl/games/id/1101316/tour/2020.html
2020,https://www.plusliga.pl/games/id/1101315/tour/2020.html
2020,https://www.plusliga.pl/games/id/1101318/tour/2020.html
2020,https://www.plusliga.pl/games/id/1101317/tour/2020.html
2020,https://www.plusliga.pl/games/id/1100794/tour/2020.html
2020,https://www.plusliga.pl/games/id/1100798/tour/2020.html
2020,https://www.plusliga.pl/games/id/1100797/tour/2020.html
2020,https://www.plusliga.pl/games/id/1100792/tour/2020.html
2020,https://www.plusliga.pl/games/id/1100796/tour/2020.html
2020,https://www.plusliga.pl/games/id/1100795/tour/2020.html
2020,https://www.plusliga.pl/games/id/1100793/tour/2020.html
2020,https://www.plusliga.pl/games/id/1101036/tour/2020.html
2020,https://www.plusliga.pl/games/id/1101039/tour/2020.html
2020,https://www.plusliga.pl/games/id/1101042/tour/2020.html
2020,https://www.plusliga.pl/games/id/1101045/tour/2020.html
2020,https://www.plusliga.pl/games/id/1101048/tour/2020.html
2020,https://www.plusliga.pl/games/id/1101030/tour/2020.html
2020,https://www.plusliga.pl/games/id/1101033/tour/2020.html
2020,https://www.plusliga.pl/games/id/1101301/tour/2020.html
2020,https://www.plusliga.pl/games/id/1101052/tour/2020.html
2020,https://www.plusliga.pl/games/id/1101055/tour/2020.html
2020,https://www.plusliga.pl/games/id/1101058/tour/2020.html
2020,https://www.plusliga.pl/games/id/1101061/tour/2020.html
2020,https://www.plusliga.pl/games/id/1101064/tour/2020.html
2020,https://www.plusliga.pl/games/id/1101067/tour/2020.html
2020,https://www.plusliga.pl/games/id/1101070/tour/2020.html
2020,https://www.plusliga.pl/games/id/1101073/tour/2020.html
2020,https://www.plusliga.pl/games/id/1101076/tour/2020.html
2020,https://www.plusliga.pl/games/id/1101079/tour/2020.html
2020,https://www.plusliga.pl/games/id/1101082/tour/2020.html
2020,https://www.plusliga.pl/games/id/1101085/tour/2020.html
2020,https://www.plusliga.pl/games/id/1101088/tour/2020.html
2020,https://www.plusliga.pl/games/id/1101091/tour/2020.html
2020,https://www.plusliga.pl/games/id/1101094/tour/2020.html
2020,https://www.plusliga.pl/games/id/1101097/tour/2020.html
2020,https://www.plusliga.pl/games/id/1101109/tour/2020.html
2020,https://www.plusliga.pl/games/id/1101100/tour/2020.html
2020,https://www.plusliga.pl/games/id/1101103/tour/2020.html
2020,https://www.plusliga.pl/games/id/1101106/tour/2020.html
2020,https://www.plusliga.pl/games/id/1101114/tour/2020.html
2020,https://www.plusliga.pl/games/id/1101117/tour/2020.html
2020,https://www.plusliga.pl/games/id/1101120/tour/2020.html
2020,https://www.plusliga.pl/games/id/1101123/tour/2020.html
2020,https://www.plusliga.pl/games/id/1101126/tour/2020.html
2020,https://www.plusliga.pl/games/id/1101129/tour/2020.html
2020,https://www.plusliga.pl/games/id/1101132/tour/2020.html
2020,https://www.plusliga.pl/games/id/1101135/tour/2020.html
2020,https://www.plusliga.pl/games/id/1101138/tour/2020.html
2020,https://www.plusliga.pl/games/id/1101141/tour/2020.html
2020,https://www.plusliga.pl/games/id/1101144/tour/2020.html
2020,https://www.plusliga.pl/games/id/1101147/tour/2020.html
2020,https://www.plusliga.pl/games/id/1101150/tour/2020.html
2020,https://www.plusliga.pl/games/id/1101153/tour/2020.html
2020,https://www.plusliga.pl/games/id/1101172/tour/2020.html
2020,https://www.plusliga.pl/games/id/1101170/tour/2020.html
2020,https://www.plusliga.pl/games/id/1101167/tour/2020.html
2020,https://www.plusliga.pl/games/id/1101164/tour/2020.html
2020,https://www.plusliga.pl/games/id/1101162/tour/2020.html
2020,https://www.plusliga.pl/games/id/1101159/tour/2020.html
2020,https://www.plusliga.pl/games/id/1101156/tour/2020.html
2020,https://www.plusliga.pl/games/id/1101016/tour/2020.html
2020,https://www.plusliga.pl/games/id/1101013/tour/2020.html
2020,https://www.plusliga.pl/games/id/1101011/tour/2020.html
2020,https://www.plusliga.pl/games/id/1101010/tour/2020.html
2020,https://www.plusliga.pl/games/id/1101007/tour/2020.html
2020,https://www.plusliga.pl/games/id/1101004/tour/2020.html
2020,https://www.plusliga.pl/games/id/1101001/tour/2020.html
2020,https://www.plusliga.pl/games/id/1101028/tour/2020.html
2020,https://www.plusliga.pl/games/id/1101026/tour/2020.html
2020,https://www.plusliga.pl/games/id/1101024/tour/2020.html
2020,https://www.plusliga.pl/games/id/1101022/tour/2020.html
2020,https://www.plusliga.pl/games/id/1101157/tour/2020.html
2020,https://www.plusliga.pl/games/id/1101019/tour/2020.html
2020,https://www.plusliga.pl/games/id/1101017/tour/2020.html
2020,https://www.plusliga.pl/games/id/1101046/tour/2020.html
2020,https://www.plusliga.pl/games/id/1101043/tour/2020.html
2020,https://www.plusliga.pl/games/id/1101040/tour/2020.html
2020,https://www.plusliga.pl/games/id/1101037/tour/2020.html
2020,https://www.plusliga.pl/games/id/1101049/tour/2020.html
2020,https://www.plusliga.pl/games/id/1101034/tour/2020.html
2020,https://www.plusliga.pl/games/id/1101031/tour/2020.html
2020,https://www.plusliga.pl/games/id/1101053/tour/2020.html
2020,https://www.plusliga.pl/games/id/1101056/tour/2020.html
2020,https://www.plusliga.pl/games/id/1101059/tour/2020.html
2020,https://www.plusliga.pl/games/id/1101062/tour/2020.html
2020,https://www.plusliga.pl/games/id/1101066/tour/2020.html
2020,https://www.plusliga.pl/games/id/1101068/tour/2020.html
2020,https://www.plusliga.pl/games/id/1101071/tour/2020.html
2020,https://www.plusliga.pl/games/id/1101092/tour/2020.html
2020,https://www.plusliga.pl/games/id/1101089/tour/2020.html
2020,https://www.plusliga.pl/games/id/1101086/tour/2020.html
2020,https://www.plusliga.pl/games/id/1101083/tour/2020.html
2020,https://www.plusliga.pl/games/id/1101080/tour/2020.html
2020,https://www.plusliga.pl/games/id/1101077/tour/2020.html
2020,https://www.plusliga.pl/games/id/1101074/tour/2020.html
2020,https://www.plusliga.pl/games/id/1101112/tour/2020.html
2020,https://www.plusliga.pl/games/id/1101110/tour/2020.html
2020,https://www.plusliga.pl/games/id/1101107/tour/2020.html
2020,https://www.plusliga.pl/games/id/1101104/tour/2020.html
2020,https://www.plusliga.pl/games/id/1101101/tour/2020.html
2020,https://www.plusliga.pl/games/id/1101098/tour/2020.html
2020,https://www.plusliga.pl/games/id/1101095/tour/2020.html
2020,https://www.plusliga.pl/games/id/1101118/tour/2020.html
2020,https://www.plusliga.pl/games/id/1101121/tour/2020.html
2020,https://www.plusliga.pl/games/id/1101124/tour/2020.html
2020,https://www.plusliga.pl/games/id/1101127/tour/2020.html
2020,https://www.plusliga.pl/games/id/1101130/tour/2020.html
2020,https://www.plusliga.pl/games/id/1101133/tour/2020.html
2020,https://www.plusliga.pl/games/id/1101115/tour/2020.html
2020,https://www.plusliga.pl/games/id/1101136/tour/2020.html
2020,https://www.plusliga.pl/games/id/1101139/tour/2020.html
2020,https://www.plusliga.pl/games/id/1101142/tour/2020.html
2020,https://www.plusliga.pl/games/id/1101145/tour/2020.html
2020,https://www.plusliga.pl/games/id/1101148/tour/2020.html
2020,https://www.plusliga.pl/games/id/1101151/tour/2020.html
2020,https://www.plusliga.pl/games/id/1101154/tour/2020.html
2020,https://www.plusliga.pl/games/id/1101002/tour/2020.html
2020,https://www.plusliga.pl/games/id/1101173/tour/2020.html
2020,https://www.plusliga.pl/games/id/1101171/tour/2020.html
2020,https://www.plusliga.pl/games/id/1101168/tour/2020.html
2020,https://www.plusliga.pl/games/id/1101165/tour/2020.html
2020,https://www.plusliga.pl/games/id/1101163/tour/2020.html
2020,https://www.plusliga.pl/games/id/1101160/tour/2020.html
2020,https://www.plusliga.pl/games/id/1101018/tour/2020.html
2020,https://www.plusliga.pl/games/id/1101015/tour/2020.html
2020,https://www.plusliga.pl/games/id/1101014/tour/2020.html
2020,https://www.plusliga.pl/games/id/1101012/tour/2020.html
2020,https://www.plusliga.pl/games/id/1101009/tour/2020.html
2020,https://www.plusliga.pl/games/id/1101008/tour/2020.html
2020,https://www.plusliga.pl/games/id/1101005/tour/2020.html
2020,https://www.plusliga.pl/games/id/1101032/tour/2020.html
2020,https://www.plusliga.pl/games/id/1101029/tour/2020.html
2020,https://www.plusliga.pl/games/id/1101027/tour/2020.html
2020,https://www.plusliga.pl/games/id/1101025/tour/2020.html
2020,https://www.plusliga.pl/games/id/1101023/tour/2020.html
2020,https://www.plusliga.pl/games/id/1101021/tour/2020.html
2020,https://www.plusliga.pl/games/id/1101020/tour/2020.html
2020,https://www.plusliga.pl/games/id/1101051/tour/2020.html
2020,https://www.plusliga.pl/games/id/1101050/tour/2020.html
2020,https://www.plusliga.pl/games/id/1101041/tour/2020.html
2020,https://www.plusliga.pl/games/id/1101044/tour/2020.html
2020,https://www.plusliga.pl/games/id/1101035/tour/2020.html
2020,https://www.plusliga.pl/games/id/1101047/tour/2020.html
2020,https://www.plusliga.pl/games/id/1101038/tour/2020.html
2020,https://www.plusliga.pl/games/id/1101072/tour/2020.html
2020,https://www.plusliga.pl/games/id/1101069/tour/2020.html
2020,https://www.plusliga.pl/games/id/1101065/tour/2020.html
2020,https://www.plusliga.pl/games/id/1101063/tour/2020.html
2020,https://www.plusliga.pl/games/id/1101060/tour/2020.html
2020,https://www.plusliga.pl/games/id/1101057/tour/2020.html
2020,https://www.plusliga.pl/games/id/1101054/tour/2020.html
2020,https://www.plusliga.pl/games/id/1101075/tour/2020.html
2020,https://www.plusliga.pl/games/id/1101078/tour/2020.html
2020,https://www.plusliga.pl/games/id/1101081/tour/2020.html
2020,https://www.plusliga.pl/games/id/1101084/tour/2020.html
2020,https://www.plusliga.pl/games/id/1101087/tour/2020.html
2020,https://www.plusliga.pl/games/id/1101090/tour/2020.html
2020,https://www.plusliga.pl/games/id/1101093/tour/2020.html
2020,https://www.plusliga.pl/games/id/1101113/tour/2020.html
2020,https://www.plusliga.pl/games/id/1101111/tour/2020.html
2020,https://www.plusliga.pl/games/id/1101108/tour/2020.html
2020,https://www.plusliga.pl/games/id/1101105/tour/2020.html
2020,https://www.plusliga.pl/games/id/1101102/tour/2020.html
2020,https://www.plusliga.pl/games/id/1101099/tour/2020.html
2020,https://www.plusliga.pl/games/id/1101096/tour/2020.html
2020,https://www.plusliga.pl/games/id/1101116/tour/2020.html
2020,https://www.plusliga.pl/games/id/1101119/tour/2020.html
2020,https://www.plusliga.pl/games/id/1101122/tour/2020.html
2020,https://www.plusliga.pl/games/id/1101125/tour/2020.html
2020,https://www.plusliga.pl/games/id/1101128/tour/2020.html
2020,https://www.plusliga.pl/games/id/1101131/tour/2020.html
2020,https://www.plusliga.pl/games/id/1101134/tour/2020.html
2020,https://www.plusliga.pl/games/id/1101155/tour/2020.html
2020,https://www.plusliga.pl/games/id/1101137/tour/2020.html
2020,https://www.plusliga.pl/games/id/1101140/tour/2020.html
2020,https://www.plusliga.pl/games/id/1101143/tour/2020.html
2020,https://www.plusliga.pl/games/id/1101146/tour/2020.html
2020,https://www.plusliga.pl/games/id/1101149/tour/2020.html
2020,https://www.plusliga.pl/games/id/1101152/tour/2020.html
2020,https://www.plusliga.pl/games/id/1101006/tour/2020.html
2020,https://www.plusliga.pl/games/id/1101003/tour/2020.html
2020,https://www.plusliga.pl/games/id/1101174/tour/2020.html
2020,https://www.plusliga.pl/games/id/1101169/tour/2020.html
2020,https://www.plusliga.pl/games/id/1101166/tour/2020.html
2020,https://www.plusliga.pl/games/id/1101161/tour/2020.html
2020,https://www.plusliga.pl/games/id/1101158/tour/2020.html
2020,https://www.plusliga.pl/games/id/1101314/tour/2020.html
2020,https://www.plusliga.pl/games/id/1101313/tour/2020.html
2020,https://www.plusliga.pl/games/id/1101310/tour/2020.html
2020,https://www.plusliga.pl/games/id/1101312/tour/2020.html
2020,https://www.plusliga.pl/games/id/1101309/tour/2020.html
2020,https://www.plusliga.pl/games/id/1101311/tour/2020.html
2020,https://www.plusliga.pl/games/id/1101385/tour/2020.html
2020,https://www.plusliga.pl/games/id/1101304/tour/2020.html
2020,https://www.plusliga.pl/games/id/1101303/tour/2020.html
2020,https://www.plusliga.pl/games/id/1101327/tour/2020.html
2020,https://www.plusliga.pl/games/id/1101326/tour/2020.html
2020,https://www.plusliga.pl/games/id/1101387/tour/2020.html
2020,https://www.plusliga.pl/games/id/1101325/tour/2020.html
2020,https://www.plusliga.pl/games/id/1101308/tour/2020.html
2020,https://www.plusliga.pl/games/id/1101305/tour/2020.html
2020,https://www.plusliga.pl/games/id/1101320/tour/2020.html
2020,https://www.plusliga.pl/games/id/1101306/tour/2020.html
2020,https://www.plusliga.pl/games/id/1101321/tour/2020.html
2020,https://www.plusliga.pl/games/id/1101391/tour/2020.html
2020,https://www.plusliga.pl/games/id/1101323/tour/2020.html
2020,https://www.plusliga.pl/games/id/1101322/tour/2020.html
2020,https://www.plusliga.pl/games/id/1101324/tour/2020.html
2020,https://www.plusliga.pl/games/id/1101307/tour/2020.html
2020,https://www.plusliga.pl/games/id/1101316/tour/2020.html
2020,https://www.plusliga.pl/games/id/1101315/tour/2020.html
2020,https://www.plusliga.pl/games/id/1101318/tour/2020.html
2020,https://www.plusliga.pl/games/id/1101317/tour/2020.html
2020,https://www.plusliga.pl/games/id/1100794/tour/2020.html
2020,https://www.plusliga.pl/games/id/1100798/tour/2020.html
2020,https://www.plusliga.pl/games/id/1100797/tour/2020.html
2020,https://www.plusliga.pl/games/id/1100792/tour/2020.html
2020,https://www.plusliga.pl/games/id/1100796/tour/2020.html
2020,https://www.plusliga.pl/games/id/1100795/tour/2020.html
2020,https://www.plusliga.pl/games/id/1100793/tour/2020.html
2020,https://www.plusliga.pl/games/id/1101036/tour/2020.html
2020,https://www.plusliga.pl/games/id/1101039/tour/2020.html
2020,https://www.plusliga.pl/games/id/1101042/tour/2020.html
2020,https://www.plusliga.pl/games/id/1101045/tour/2020.html
2020,https://www.plusliga.pl/games/id/1101048/tour/2020.html
2020,https://www.plusliga.pl/games/id/1101030/tour/2020.html
2020,https://www.plusliga.pl/games/id/1101033/tour/2020.html
2020,https://www.plusliga.pl/games/id/1101301/tour/2020.html
2020,https://www.plusliga.pl/games/id/1101052/tour/2020.html
2020,https://www.plusliga.pl/games/id/1101055/tour/2020.html
2020,https://www.plusliga.pl/games/id/1101058/tour/2020.html
2020,https://www.plusliga.pl/games/id/1101061/tour/2020.html
2020,https://www.plusliga.pl/games/id/1101064/tour/2020.html
2020,https://www.plusliga.pl/games/id/1101067/tour/2020.html
2020,https://www.plusliga.pl/games/id/1101070/tour/2020.html
2020,https://www.plusliga.pl/games/id/1101073/tour/2020.html
2020,https://www.plusliga.pl/games/id/1101076/tour/2020.html
2020,https://www.plusliga.pl/games/id/1101079/tour/2020.html
2020,https://www.plusliga.pl/games/id/1101082/tour/2020.html
2020,https://www.plusliga.pl/games/id/1101085/tour/2020.html
2020,https://www.plusliga.pl/games/id/1101088/tour/2020.html
2020,https://www.plusliga.pl/games/id/1101091/tour/2020.html
2020,https://www.plusliga.pl/games/id/1101094/tour/2020.html
2020,https://www.plusliga.pl/games/id/1101097/tour/2020.html
2020,https://www.plusliga.pl/games/id/1101109/tour/2020.html
2020,https://www.plusliga.pl/games/id/1101100/tour/2020.html
2020,https://www.plusliga.pl/games/id/1101103/tour/2020.html
2020,https://www.plusliga.pl/games/id/1101106/tour/2020.html
2020,https://www.plusliga.pl/games/id/1101114/tour/2020.html
2020,https://www.plusliga.pl/games/id/1101117/tour/2020.html
2020,https://www.plusliga.pl/games/id/1101120/tour/2020.html
2020,https://www.plusliga.pl/games/id/1101123/tour/2020.html
2020,https://www.plusliga.pl/games/id/1101126/tour/2020.html
2020,https://www.plusliga.pl/games/id/1101129/tour/2020.html
2020,https://www.plusliga.pl/games/id/1101132/tour/2020.html
2020,https://www.plusliga.pl/games/id/1101135/tour/2020.html
2020,https://www.plusliga.pl/games/id/1101138/tour/2020.html
2020,https://www.plusliga.pl/games/id/1101141/tour/2020.html
2020,https://www.plusliga.pl/games/id/1101144/tour/2020.html
2020,https://www.plusliga.pl/games/id/1101147/tour/2020.html
2020,https://www.plusliga.pl/games/id/1101150/tour/2020.html
2020,https://www.plusliga.pl/games/id/1101153/tour/2020.html
2020,https://www.plusliga.pl/games/id/1101172/tour/2020.html
2020,https://www.plusliga.pl/games/id/1101170/tour/2020.html
2020,https://www.plusliga.pl/games/id/1101167/tour/2020.html
2020,https://www.plusliga.pl/games/id/1101164/tour/2020.html
2020,https://www.plusliga.pl/games/id/1101162/tour/2020.html
2020,https://www.plusliga.pl/games/id/1101159/tour/2020.html
2020,https://www.plusliga.pl/games/id/1101156/tour/2020.html
2020,https://www.plusliga.pl/games/id/1101016/tour/2020.html
2020,https://www.plusliga.pl/games/id/1101013/tour/2020.html
2020,https://www.plusliga.pl/games/id/1101011/tour/2020.html
2020,https://www.plusliga.pl/games/id/1101010/tour/2020.html
2020,https://www.plusliga.pl/games/id/1101007/tour/2020.html
2020,https://www.plusliga.pl/games/id/1101004/tour/2020.html
2020,https://www.plusliga.pl/games/id/1101001/tour/2020.html
2020,https://www.plusliga.pl/games/id/1101028/tour/2020.html
2020,https://www.plusliga.pl/games/id/1101026/tour/2020.html
2020,https://www.plusliga.pl/games/id/1101024/tour/2020.html
2020,https://www.plusliga.pl/games/id/1101022/tour/2020.html
2020,https://www.plusliga.pl/games/id/1101157/tour/2020.html
2020,https://www.plusliga.pl/games/id/1101019/tour/2020.html
2020,https://www.plusliga.pl/games/id/1101017/tour/2020.html
2020,https://www.plusliga.pl/games/id/1101046/tour/2020.html
2020,https://www.plusliga.pl/games/id/1101043/tour/2020.html
2020,https://www.plusliga.pl/games/id/1101040/tour/2020.html
2020,https://www.plusliga.pl/games/id/1101037/tour/2020.html
2020,https://www.plusliga.pl/games/id/1101049/tour/2020.html
2020,https://www.plusliga.pl/games/id/1101034/tour/2020.html
2020,https://www.plusliga.pl/games/id/1101031/tour/2020.html
2020,https://www.plusliga.pl/games/id/1101053/tour/2020.html
2020,https://www.plusliga.pl/games/id/1101056/tour/2020.html
2020,https://www.plusliga.pl/games/id/1101059/tour/2020.html
2020,https://www.plusliga.pl/games/id/1101062/tour/2020.html
2020,https://www.plusliga.pl/games/id/1101066/tour/2020.html
2020,https://www.plusliga.pl/games/id/1101068/tour/2020.html
2020,https://www.plusliga.pl/games/id/1101071/tour/2020.html
2020,https://www.plusliga.pl/games/id/1101092/tour/2020.html
2020,https://www.plusliga.pl/games/id/1101089/tour/2020.html
2020,https://www.plusliga.pl/games/id/1101086/tour/2020.html
2020,https://www.plusliga.pl/games/id/1101083/tour/2020.html
2020,https://www.plusliga.pl/games/id/1101080/tour/2020.html
2020,https://www.plusliga.pl/games/id/1101077/tour/2020.html
2020,https://www.plusliga.pl/games/id/1101074/tour/2020.html
2020,https://www.plusliga.pl/games/id/1101112/tour/2020.html
2020,https://www.plusliga.pl/games/id/1101110/tour/2020.html
2020,https://www.plusliga.pl/games/id/1101107/tour/2020.html
2020,https://www.plusliga.pl/games/id/1101104/tour/2020.html
2020,https://www.plusliga.pl/games/id/1101101/tour/2020.html
2020,https://www.plusliga.pl/games/id/1101098/tour/2020.html
2020,https://www.plusliga.pl/games/id/1101095/tour/2020.html
2020,https://www.plusliga.pl/games/id/1101118/tour/2020.html
2020,https://www.plusliga.pl/games/id/1101121/tour/2020.html
2020,https://www.plusliga.pl/games/id/1101124/tour/2020.html
2020,https://www.plusliga.pl/games/id/1101127/tour/2020.html
2020,https://www.plusliga.pl/games/id/1101130/tour/2020.html
2020,https://www.plusliga.pl/games/id/1101133/tour/2020.html
2020,https://www.plusliga.pl/games/id/1101115/tour/2020.html
2020,https://www.plusliga.pl/games/id/1101136/tour/2020.html
2020,https://www.plusliga.pl/games/id/1101139/tour/2020.html
2020,https://www.plusliga.pl/games/id/1101142/tour/2020.html
2020,https://www.plusliga.pl/games/id/1101145/tour/2020.html
2020,https://www.plusliga.pl/games/id/1101148/tour/2020.html
2020,https://www.plusliga.pl/games/id/1101151/tour/2020.html
2020,https://www.plusliga.pl/games/id/1101154/tour/2020.html
2020,https://www.plusliga.pl/games/id/1101002/tour/2020.html
2020,https://www.plusliga.pl/games/id/1101173/tour/2020.html
2020,https://www.plusliga.pl/games/id/1101171/tour/2020.html
2020,https://www.plusliga.pl/games/id/1101168/tour/2020.html
2020,https://www.plusliga.pl/games/id/1101165/tour/2020.html
2020,https://www.plusliga.pl/games/id/1101163/tour/2020.html
2020,https://www.plusliga.pl/games/id/1101160/tour/2020.html
2020,https://www.plusliga.pl/games/id/1101018/tour/2020.html
2020,https://www.plusliga.pl/games/id/1101015/tour/2020.html
2020,https://www.plusliga.pl/games/id/1101014/tour/2020.html
2020,https://www.plusliga.pl/games/id/1101012/tour/2020.html
2020,https://www.plusliga.pl/games/id/1101009/tour/2020.html
2020,https://www.plusliga.pl/games/id/1101008/tour/2020.html
2020,https://www.plusliga.pl/games/id/1101005/tour/2020.html
2020,https://www.plusliga.pl/games/id/1101032/tour/2020.html
2020,https://www.plusliga.pl/games/id/1101029/tour/2020.html
2020,https://www.plusliga.pl/games/id/1101027/tour/2020.html
2020,https://www.plusliga.pl/games/id/1101025/tour/2020.html
2020,https://www.plusliga.pl/games/id/1101023/tour/2020.html
2020,https://www.plusliga.pl/games/id/1101021/tour/2020.html
2020,https://www.plusliga.pl/games/id/1101020/tour/2020.html
2020,https://www.plusliga.pl/games/id/1101051/tour/2020.html
2020,https://www.plusliga.pl/games/id/1101050/tour/2020.html
2020,https://www.plusliga.pl/games/id/1101041/tour/2020.html
2020,https://www.plusliga.pl/games/id/1101044/tour/2020.html
2020,https://www.plusliga.pl/games/id/1101035/tour/2020.html
2020,https://www.plusliga.pl/games/id/1101047/tour/2020.html
2020,https://www.plusliga.pl/games/id/1101038/tour/2020.html
2020,https://www.plusliga.pl/games/id/1101072/tour/2020.html
2020,https://www.plusliga.pl/games/id/1101069/tour/2020.html
2020,https://www.plusliga.pl/games/id/1101065/tour/2020.html
2020,https://www.plusliga.pl/games/id/1101063/tour/2020.html
2020,https://www.plusliga.pl/games/id/1101060/tour/2020.html
2020,https://www.plusliga.pl/games/id/1101057/tour/2020.html
2020,https://www.plusliga.pl/games/id/1101054/tour/2020.html
2020,https://www.plusliga.pl/games/id/1101075/tour/2020.html
2020,https://www.plusliga.pl/games/id/1101078/tour/2020.html
2020,https://www.plusliga.pl/games/id/1101081/tour/2020.html
2020,https://www.plusliga.pl/games/id/1101084/tour/2020.html
2020,https://www.plusliga.pl/games/id/1101087/tour/2020.html
2020,https://www.plusliga.pl/games/id/1101090/tour/2020.html
2020,https://www.plusliga.pl/games/id/1101093/tour/2020.html
2020,https://www.plusliga.pl/games/id/1101113/tour/2020.html
2020,https://www.plusliga.pl/games/id/1101111/tour/2020.html
2020,https://www.plusliga.pl/games/id/1101108/tour/2020.html
2020,https://www.plusliga.pl/games/id/1101105/tour/2020.html
2020,https://www.plusliga.pl/games/id/1101102/tour/2020.html
2020,https://www.plusliga.pl/games/id/1101099/tour/2020.html
2020,https://www.plusliga.pl/games/id/1101096/tour/2020.html
2020,https://www.plusliga.pl/games/id/1101116/tour/2020.html
2020,https://www.plusliga.pl/games/id/1101119/tour/2020.html
2020,https://www.plusliga.pl/games/id/1101122/tour/2020.html
2020,https://www.plusliga.pl/games/id/1101125/tour/2020.html
2020,https://www.plusliga.pl/games/id/1101128/tour/2020.html
2020,https://www.plusliga.pl/games/id/1101131/tour/2020.html
2020,https://www.plusliga.pl/games/id/1101134/tour/2020.html
2020,https://www.plusliga.pl/games/id/1101155/tour/2020.html
2020,https://www.plusliga.pl/games/id/1101137/tour/2020.html
2020,https://www.plusliga.pl/games/id/1101140/tour/2020.html
2020,https://www.plusliga.pl/games/id/1101143/tour/2020.html
2020,https://www.plusliga.pl/games/id/1101146/tour/2020.html
2020,https://www.plusliga.pl/games/id/1101149/tour/2020.html
2020,https://www.plusliga.pl/games/id/1101152/tour/2020.html
2020,https://www.plusliga.pl/games/id/1101006/tour/2020.html
2020,https://www.plusliga.pl/games/id/1101003/tour/2020.html
2020,https://www.plusliga.pl/games/id/1101174/tour/2020.html
2020,https://www.plusliga.pl/games/id/1101169/tour/2020.html
2020,https://www.plusliga.pl/games/id/1101166/tour/2020.html
2020,https://www.plusliga.pl/games/id/1101161/tour/2020.html
2020,https://www.plusliga.pl/games/id/1101158/tour/2020.html
2021,https://www.plusliga.pl/games/id/1102022/tour/2021.html
2021,https://www.plusliga.pl/games/id/1102021/tour/2021.html
2021,https://www.plusliga.pl/games/id/1102020/tour/2021.html
2021,https://www.plusliga.pl/games/id/1102019/tour/2021.html
2021,https://www.plusliga.pl/games/id/1102025/tour/2021.html
2021,https://www.plusliga.pl/games/id/1101999/tour/2021.html
2021,https://www.plusliga.pl/games/id/1102002/tour/2021.html
2021,https://www.plusliga.pl/games/id/1102024/tour/2021.html
2021,https://www.plusliga.pl/games/id/1102000/tour/2021.html
2021,https://www.plusliga.pl/games/id/1102001/tour/2021.html
2021,https://www.plusliga.pl/games/id/1102018/tour/2021.html
2021,https://www.plusliga.pl/games/id/1102015/tour/2021.html
2021,https://www.plusliga.pl/games/id/1102027/tour/2021.html
2021,https://www.plusliga.pl/games/id/1102017/tour/2021.html
2021,https://www.plusliga.pl/games/id/1102016/tour/2021.html
2021,https://www.plusliga.pl/games/id/1102007/tour/2021.html
2021,https://www.plusliga.pl/games/id/1102006/tour/2021.html
2021,https://www.plusliga.pl/games/id/1102005/tour/2021.html
2021,https://www.plusliga.pl/games/id/1102028/tour/2021.html
2021,https://www.plusliga.pl/games/id/1102010/tour/2021.html
2021,https://www.plusliga.pl/games/id/1102009/tour/2021.html
2021,https://www.plusliga.pl/games/id/1102008/tour/2021.html
2021,https://www.plusliga.pl/games/id/1102029/tour/2021.html
2021,https://www.plusliga.pl/games/id/1102012/tour/2021.html
2021,https://www.plusliga.pl/games/id/1102011/tour/2021.html
2021,https://www.plusliga.pl/games/id/1102014/tour/2021.html
2021,https://www.plusliga.pl/games/id/1102013/tour/2021.html
2021,https://www.plusliga.pl/games/id/1102003/tour/2021.html
2021,https://www.plusliga.pl/games/id/1102004/tour/2021.html
2021,https://www.plusliga.pl/games/id/1101998/tour/2021.html
2021,https://www.plusliga.pl/games/id/1101997/tour/2021.html
2021,https://www.plusliga.pl/games/id/1102033/tour/2021.html
2021,https://www.plusliga.pl/games/id/1102032/tour/2021.html
2021,https://www.plusliga.pl/games/id/1102031/tour/2021.html
2021,https://www.plusliga.pl/games/id/1102036/tour/2021.html
2021,https://www.plusliga.pl/games/id/1101578/tour/2021.html
2021,https://www.plusliga.pl/games/id/1101577/tour/2021.html
2021,https://www.plusliga.pl/games/id/1101576/tour/2021.html
2021,https://www.plusliga.pl/games/id/1101575/tour/2021.html
2021,https://www.plusliga.pl/games/id/1101574/tour/2021.html
2021,https://www.plusliga.pl/games/id/1101573/tour/2021.html
2021,https://www.plusliga.pl/games/id/1101572/tour/2021.html
2021,https://www.plusliga.pl/games/id/1101571/tour/2021.html
2021,https://www.plusliga.pl/games/id/1101570/tour/2021.html
2021,https://www.plusliga.pl/games/id/1101569/tour/2021.html
2021,https://www.plusliga.pl/games/id/1101568/tour/2021.html
2021,https://www.plusliga.pl/games/id/1101567/tour/2021.html
2021,https://www.plusliga.pl/games/id/1101566/tour/2021.html
2021,https://www.plusliga.pl/games/id/1101565/tour/2021.html
2021,https://www.plusliga.pl/games/id/1101564/tour/2021.html
2021,https://www.plusliga.pl/games/id/1101563/tour/2021.html
2021,https://www.plusliga.pl/games/id/1101562/tour/2021.html
2021,https://www.plusliga.pl/games/id/1101561/tour/2021.html
2021,https://www.plusliga.pl/games/id/1101560/tour/2021.html
2021,https://www.plusliga.pl/games/id/1101559/tour/2021.html
2021,https://www.plusliga.pl/games/id/1101558/tour/2021.html
2021,https://www.plusliga.pl/games/id/1101557/tour/2021.html
2021,https://www.plusliga.pl/games/id/1101556/tour/2021.html
2021,https://www.plusliga.pl/games/id/1101555/tour/2021.html
2021,https://www.plusliga.pl/games/id/1101554/tour/2021.html
2021,https://www.plusliga.pl/games/id/1101553/tour/2021.html
2021,https://www.plusliga.pl/games/id/1101552/tour/2021.html
2021,https://www.plusliga.pl/games/id/1101551/tour/2021.html
2021,https://www.plusliga.pl/games/id/1101550/tour/2021.html
2021,https://www.plusliga.pl/games/id/1101549/tour/2021.html
2021,https://www.plusliga.pl/games/id/1101548/tour/2021.html
2021,https://www.plusliga.pl/games/id/1101547/tour/2021.html
2021,https://www.plusliga.pl/games/id/1101546/tour/2021.html
2021,https://www.plusliga.pl/games/id/1101545/tour/2021.html
2021,https://www.plusliga.pl/games/id/1101544/tour/2021.html
2021,https://www.plusliga.pl/games/id/1101543/tour/2021.html
2021,https://www.plusliga.pl/games/id/1101542/tour/2021.html
2021,https://www.plusliga.pl/games/id/1101541/tour/2021.html
2021,https://www.plusliga.pl/games/id/1101540/tour/2021.html
2021,https://www.plusliga.pl/games/id/1101539/tour/2021.html
2021,https://www.plusliga.pl/games/id/1101538/tour/2021.html
2021,https://www.plusliga.pl/games/id/1101537/tour/2021.html
2021,https://www.plusliga.pl/games/id/1101536/tour/2021.html
2021,https://www.plusliga.pl/games/id/1101535/tour/2021.html
2021,https://www.plusliga.pl/games/id/1101534/tour/2021.html
2021,https://www.plusliga.pl/games/id/1101533/tour/2021.html
2021,https://www.plusliga.pl/games/id/1101532/tour/2021.html
2021,https://www.plusliga.pl/games/id/1101531/tour/2021.html
2021,https://www.plusliga.pl/games/id/1101530/tour/2021.html
2021,https://www.plusliga.pl/games/id/1101529/tour/2021.html
2021,https://www.plusliga.pl/games/id/1101528/tour/2021.html
2021,https://www.plusliga.pl/games/id/1101527/tour/2021.html
2021,https://www.plusliga.pl/games/id/1101526/tour/2021.html
2021,https://www.plusliga.pl/games/id/1101525/tour/2021.html
2021,https://www.plusliga.pl/games/id/1101524/tour/2021.html
2021,https://www.plusliga.pl/games/id/1101523/tour/2021.html
2021,https://www.plusliga.pl/games/id/1101522/tour/2021.html
2021,https://www.plusliga.pl/games/id/1101521/tour/2021.html
2021,https://www.plusliga.pl/games/id/1101520/tour/2021.html
2021,https://www.plusliga.pl/games/id/1101519/tour/2021.html
2021,https://www.plusliga.pl/games/id/1101518/tour/2021.html
2021,https://www.plusliga.pl/games/id/1101517/tour/2021.html
2021,https://www.plusliga.pl/games/id/1101516/tour/2021.html
2021,https://www.plusliga.pl/games/id/1101515/tour/2021.html
2021,https://www.plusliga.pl/games/id/1101514/tour/2021.html
2021,https://www.plusliga.pl/games/id/1101513/tour/2021.html
2021,https://www.plusliga.pl/games/id/1101512/tour/2021.html
2021,https://www.plusliga.pl/games/id/1101511/tour/2021.html
2021,https://www.plusliga.pl/games/id/1101510/tour/2021.html
2021,https://www.plusliga.pl/games/id/1101509/tour/2021.html
2021,https://www.plusliga.pl/games/id/1101508/tour/2021.html
2021,https://www.plusliga.pl/games/id/1101507/tour/2021.html
2021,https://www.plusliga.pl/games/id/1101506/tour/2021.html
2021,https://www.plusliga.pl/games/id/1101505/tour/2021.html
2021,https://www.plusliga.pl/games/id/1101504/tour/2021.html
2021,https://www.plusliga.pl/games/id/1101503/tour/2021.html
2021,https://www.plusliga.pl/games/id/1101502/tour/2021.html
2021,https://www.plusliga.pl/games/id/1101501/tour/2021.html
2021,https://www.plusliga.pl/games/id/1101500/tour/2021.html
2021,https://www.plusliga.pl/games/id/1101499/tour/2021.html
2021,https://www.plusliga.pl/games/id/1101498/tour/2021.html
2021,https://www.plusliga.pl/games/id/1101497/tour/2021.html
2021,https://www.plusliga.pl/games/id/1101496/tour/2021.html
2021,https://www.plusliga.pl/games/id/1101495/tour/2021.html
2021,https://www.plusliga.pl/games/id/1101494/tour/2021.html
2021,https://www.plusliga.pl/games/id/1101493/tour/2021.html
2021,https://www.plusliga.pl/games/id/1101492/tour/2021.html
2021,https://www.plusliga.pl/games/id/1101491/tour/2021.html
2021,https://www.plusliga.pl/games/id/1101490/tour/2021.html
2021,https://www.plusliga.pl/games/id/1101489/tour/2021.html
2021,https://www.plusliga.pl/games/id/1101488/tour/2021.html
2021,https://www.plusliga.pl/games/id/1101487/tour/2021.html
2021,https://www.plusliga.pl/games/id/1101486/tour/2021.html
2021,https://www.plusliga.pl/games/id/1101485/tour/2021.html
2021,https://www.plusliga.pl/games/id/1101484/tour/2021.html
2021,https://www.plusliga.pl/games/id/1101483/tour/2021.html
2021,https://www.plusliga.pl/games/id/1101482/tour/2021.html
2021,https://www.plusliga.pl/games/id/1101481/tour/2021.html
2021,https://www.plusliga.pl/games/id/1101480/tour/2021.html
2021,https://www.plusliga.pl/games/id/1101479/tour/2021.html
2021,https://www.plusliga.pl/games/id/1101478/tour/2021.html
2021,https://www.plusliga.pl/games/id/1101477/tour/2021.html
2021,https://www.plusliga.pl/games/id/1101476/tour/2021.html
2021,https://www.plusliga.pl/games/id/1101475/tour/2021.html
2021,https://www.plusliga.pl/games/id/1101474/tour/2021.html
2021,https://www.plusliga.pl/games/id/1101473/tour/2021.html
2021,https://www.plusliga.pl/games/id/1101472/tour/2021.html
2021,https://www.plusliga.pl/games/id/1101471/tour/2021.html
2021,https://www.plusliga.pl/games/id/1101470/tour/2021.html
2021,https://www.plusliga.pl/games/id/1101469/tour/2021.html
2021,https://www.plusliga.pl/games/id/1101468/tour/2021.html
2021,https://www.plusliga.pl/games/id/1101467/tour/2021.html
2021,https://www.plusliga.pl/games/id/1101466/tour/2021.html
2021,https://www.plusliga.pl/games/id/1101465/tour/2021.html
2021,https://www.plusliga.pl/games/id/1101464/tour/2021.html
2021,https://www.plusliga.pl/games/id/1101463/tour/2021.html
2021,https://www.plusliga.pl/games/id/1101462/tour/2021.html
2021,https://www.plusliga.pl/games/id/1101461/tour/2021.html
2021,https://www.plusliga.pl/games/id/1101460/tour/2021.html
2021,https://www.plusliga.pl/games/id/1101459/tour/2021.html
2021,https://www.plusliga.pl/games/id/1101458/tour/2021.html
2021,https://www.plusliga.pl/games/id/1101457/tour/2021.html
2021,https://www.plusliga.pl/games/id/1101456/tour/2021.html
2021,https://www.plusliga.pl/games/id/1101455/tour/2021.html
2021,https://www.plusliga.pl/games/id/1101454/tour/2021.html
2021,https://www.plusliga.pl/games/id/1101453/tour/2021.html
2021,https://www.plusliga.pl/games/id/1101452/tour/2021.html
2021,https://www.plusliga.pl/games/id/1101451/tour/2021.html
2021,https://www.plusliga.pl/games/id/1101450/tour/2021.html
2021,https://www.plusliga.pl/games/id/1101449/tour/2021.html
2021,https://www.plusliga.pl/games/id/1101448/tour/2021.html
2021,https://www.plusliga.pl/games/id/1101447/tour/2021.html
2021,https://www.plusliga.pl/games/id/1101446/tour/2021.html
2021,https://www.plusliga.pl/games/id/1101445/tour/2021.html
2021,https://www.plusliga.pl/games/id/1101444/tour/2021.html
2021,https://www.plusliga.pl/games/id/1101443/tour/2021.html
2021,https://www.plusliga.pl/games/id/1101442/tour/2021.html
2021,https://www.plusliga.pl/games/id/1101441/tour/2021.html
2021,https://www.plusliga.pl/games/id/1101440/tour/2021.html
2021,https://www.plusliga.pl/games/id/1101439/tour/2021.html
2021,https://www.plusliga.pl/games/id/1101438/tour/2021.html
2021,https://www.plusliga.pl/games/id/1101437/tour/2021.html
2021,https://www.plusliga.pl/games/id/1101436/tour/2021.html
2021,https://www.plusliga.pl/games/id/1101435/tour/2021.html
2021,https://www.plusliga.pl/games/id/1101434/tour/2021.html
2021,https://www.plusliga.pl/games/id/1101433/tour/2021.html
2021,https://www.plusliga.pl/games/id/1101432/tour/2021.html
2021,https://www.plusliga.pl/games/id/1101431/tour/2021.html
2021,https://www.plusliga.pl/games/id/1101430/tour/2021.html
2021,https://www.plusliga.pl/games/id/1101429/tour/2021.html
2021,https://www.plusliga.pl/games/id/1101428/tour/2021.html
2021,https://www.plusliga.pl/games/id/1101427/tour/2021.html
2021,https://www.plusliga.pl/games/id/1101426/tour/2021.html
2021,https://www.plusliga.pl/games/id/1101425/tour/2021.html
2021,https://www.plusliga.pl/games/id/1101424/tour/2021.html
2021,https://www.plusliga.pl/games/id/1101423/tour/2021.html
2021,https://www.plusliga.pl/games/id/1101422/tour/2021.html
2021,https://www.plusliga.pl/games/id/1101421/tour/2021.html
2021,https://www.plusliga.pl/games/id/1101420/tour/2021.html
2021,https://www.plusliga.pl/games/id/1101419/tour/2021.html
2021,https://www.plusliga.pl/games/id/1101418/tour/2021.html
2021,https://www.plusliga.pl/games/id/1101417/tour/2021.html
2021,https://www.plusliga.pl/games/id/1101416/tour/2021.html
2021,https://www.plusliga.pl/games/id/1101415/tour/2021.html
2021,https://www.plusliga.pl/games/id/1101414/tour/2021.html
2021,https://www.plusliga.pl/games/id/1101413/tour/2021.html
2021,https://www.plusliga.pl/games/id/1101412/tour/2021.html
2021,https://www.plusliga.pl/games/id/1101411/tour/2021.html
2021,https://www.plusliga.pl/games/id/1101410/tour/2021.html
2021,https://www.plusliga.pl/games/id/1101409/tour/2021.html
2021,https://www.plusliga.pl/games/id/1101408/tour/2021.html
2021,https://www.plusliga.pl/games/id/1101407/tour/2021.html
2021,https://www.plusliga.pl/games/id/1101406/tour/2021.html
2021,https://www.plusliga.pl/games/id/1101405/tour/2021.html
2021,https://www.plusliga.pl/games/id/1101404/tour/2021.html
2021,https://www.plusliga.pl/games/id/1101403/tour/2021.html
2021,https://www.plusliga.pl/games/id/1101402/tour/2021.html
2021,https://www.plusliga.pl/games/id/1101401/tour/2021.html
2021,https://www.plusliga.pl/games/id/1101400/tour/2021.html
2021,https://www.plusliga.pl/games/id/1101399/tour/2021.html
2021,https://www.plusliga.pl/games/id/1101398/tour/2021.html
2021,https://www.plusliga.pl/games/id/1101397/tour/2021.html
2021,https://www.plusliga.pl/games/id/1102022/tour/2021.html
2021,https://www.plusliga.pl/games/id/1102021/tour/2021.html
2021,https://www.plusliga.pl/games/id/1102020/tour/2021.html
2021,https://www.plusliga.pl/games/id/1102019/tour/2021.html
2021,https://www.plusliga.pl/games/id/1102025/tour/2021.html
2021,https://www.plusliga.pl/games/id/1101999/tour/2021.html
2021,https://www.plusliga.pl/games/id/1102002/tour/2021.html
2021,https://www.plusliga.pl/games/id/1102024/tour/2021.html
2021,https://www.plusliga.pl/games/id/1102000/tour/2021.html
2021,https://www.plusliga.pl/games/id/1102001/tour/2021.html
2021,https://www.plusliga.pl/games/id/1102018/tour/2021.html
2021,https://www.plusliga.pl/games/id/1102015/tour/2021.html
2021,https://www.plusliga.pl/games/id/1102027/tour/2021.html
2021,https://www.plusliga.pl/games/id/1102017/tour/2021.html
2021,https://www.plusliga.pl/games/id/1102016/tour/2021.html
2021,https://www.plusliga.pl/games/id/1102007/tour/2021.html
2021,https://www.plusliga.pl/games/id/1102006/tour/2021.html
2021,https://www.plusliga.pl/games/id/1102005/tour/2021.html
2021,https://www.plusliga.pl/games/id/1102028/tour/2021.html
2021,https://www.plusliga.pl/games/id/1102010/tour/2021.html
2021,https://www.plusliga.pl/games/id/1102009/tour/2021.html
2021,https://www.plusliga.pl/games/id/1102008/tour/2021.html
2021,https://www.plusliga.pl/games/id/1102029/tour/2021.html
2021,https://www.plusliga.pl/games/id/1102012/tour/2021.html
2021,https://www.plusliga.pl/games/id/1102011/tour/2021.html
2021,https://www.plusliga.pl/games/id/1102014/tour/2021.html
2021,https://www.plusliga.pl/games/id/1102013/tour/2021.html
2021,https://www.plusliga.pl/games/id/1102003/tour/2021.html
2021,https://www.plusliga.pl/games/id/1102004/tour/2021.html
2021,https://www.plusliga.pl/games/id/1101998/tour/2021.html
2021,https://www.plusliga.pl/games/id/1101997/tour/2021.html
2021,https://www.plusliga.pl/games/id/1102033/tour/2021.html
2021,https://www.plusliga.pl/games/id/1102032/tour/2021.html
2021,https://www.plusliga.pl/games/id/1102031/tour/2021.html
2021,https://www.plusliga.pl/games/id/1102036/tour/2021.html
2021,https://www.plusliga.pl/games/id/1101578/tour/2021.html
2021,https://www.plusliga.pl/games/id/1101577/tour/2021.html
2021,https://www.plusliga.pl/games/id/1101576/tour/2021.html
2021,https://www.plusliga.pl/games/id/1101575/tour/2021.html
2021,https://www.plusliga.pl/games/id/1101574/tour/2021.html
2021,https://www.plusliga.pl/games/id/1101573/tour/2021.html
2021,https://www.plusliga.pl/games/id/1101572/tour/2021.html
2021,https://www.plusliga.pl/games/id/1101571/tour/2021.html
2021,https://www.plusliga.pl/games/id/1101570/tour/2021.html
2021,https://www.plusliga.pl/games/id/1101569/tour/2021.html
2021,https://www.plusliga.pl/games/id/1101568/tour/2021.html
2021,https://www.plusliga.pl/games/id/1101567/tour/2021.html
2021,https://www.plusliga.pl/games/id/1101566/tour/2021.html
2021,https://www.plusliga.pl/games/id/1101565/tour/2021.html
2021,https://www.plusliga.pl/games/id/1101564/tour/2021.html
2021,https://www.plusliga.pl/games/id/1101563/tour/2021.html
2021,https://www.plusliga.pl/games/id/1101562/tour/2021.html
2021,https://www.plusliga.pl/games/id/1101561/tour/2021.html
2021,https://www.plusliga.pl/games/id/1101560/tour/2021.html
2021,https://www.plusliga.pl/games/id/1101559/tour/2021.html
2021,https://www.plusliga.pl/games/id/1101558/tour/2021.html
2021,https://www.plusliga.pl/games/id/1101557/tour/2021.html
2021,https://www.plusliga.pl/games/id/1101556/tour/2021.html
2021,https://www.plusliga.pl/games/id/1101555/tour/2021.html
2021,https://www.plusliga.pl/games/id/1101554/tour/2021.html
2021,https://www.plusliga.pl/games/id/1101553/tour/2021.html
2021,https://www.plusliga.pl/games/id/1101552/tour/2021.html
2021,https://www.plusliga.pl/games/id/1101551/tour/2021.html
2021,https://www.plusliga.pl/games/id/1101550/tour/2021.html
2021,https://www.plusliga.pl/games/id/1101549/tour/2021.html
2021,https://www.plusliga.pl/games/id/1101548/tour/2021.html
2021,https://www.plusliga.pl/games/id/1101547/tour/2021.html
2021,https://www.plusliga.pl/games/id/1101546/tour/2021.html
2021,https://www.plusliga.pl/games/id/1101545/tour/2021.html
2021,https://www.plusliga.pl/games/id/1101544/tour/2021.html
2021,https://www.plusliga.pl/games/id/1101543/tour/2021.html
2021,https://www.plusliga.pl/games/id/1101542/tour/2021.html
2021,https://www.plusliga.pl/games/id/1101541/tour/2021.html
2021,https://www.plusliga.pl/games/id/1101540/tour/2021.html
2021,https://www.plusliga.pl/games/id/1101539/tour/2021.html
2021,https://www.plusliga.pl/games/id/1101538/tour/2021.html
2021,https://www.plusliga.pl/games/id/1101537/tour/2021.html
2021,https://www.plusliga.pl/games/id/1101536/tour/2021.html
2021,https://www.plusliga.pl/games/id/1101535/tour/2021.html
2021,https://www.plusliga.pl/games/id/1101534/tour/2021.html
2021,https://www.plusliga.pl/games/id/1101533/tour/2021.html
2021,https://www.plusliga.pl/games/id/1101532/tour/2021.html
2021,https://www.plusliga.pl/games/id/1101531/tour/2021.html
2021,https://www.plusliga.pl/games/id/1101530/tour/2021.html
2021,https://www.plusliga.pl/games/id/1101529/tour/2021.html
2021,https://www.plusliga.pl/games/id/1101528/tour/2021.html
2021,https://www.plusliga.pl/games/id/1101527/tour/2021.html
2021,https://www.plusliga.pl/games/id/1101526/tour/2021.html
2021,https://www.plusliga.pl/games/id/1101525/tour/2021.html
2021,https://www.plusliga.pl/games/id/1101524/tour/2021.html
2021,https://www.plusliga.pl/games/id/1101523/tour/2021.html
2021,https://www.plusliga.pl/games/id/1101522/tour/2021.html
2021,https://www.plusliga.pl/games/id/1101521/tour/2021.html
2021,https://www.plusliga.pl/games/id/1101520/tour/2021.html
2021,https://www.plusliga.pl/games/id/1101519/tour/2021.html
2021,https://www.plusliga.pl/games/id/1101518/tour/2021.html
2021,https://www.plusliga.pl/games/id/1101517/tour/2021.html
2021,https://www.plusliga.pl/games/id/1101516/tour/2021.html
2021,https://www.plusliga.pl/games/id/1101515/tour/2021.html
2021,https://www.plusliga.pl/games/id/1101514/tour/2021.html
2021,https://www.plusliga.pl/games/id/1101513/tour/2021.html
2021,https://www.plusliga.pl/games/id/1101512/tour/2021.html
2021,https://www.plusliga.pl/games/id/1101511/tour/2021.html
2021,https://www.plusliga.pl/games/id/1101510/tour/2021.html
2021,https://www.plusliga.pl/games/id/1101509/tour/2021.html
2021,https://www.plusliga.pl/games/id/1101508/tour/2021.html
2021,https://www.plusliga.pl/games/id/1101507/tour/2021.html
2021,https://www.plusliga.pl/games/id/1101506/tour/2021.html
2021,https://www.plusliga.pl/games/id/1101505/tour/2021.html
2021,https://www.plusliga.pl/games/id/1101504/tour/2021.html
2021,https://www.plusliga.pl/games/id/1101503/tour/2021.html
2021,https://www.plusliga.pl/games/id/1101502/tour/2021.html
2021,https://www.plusliga.pl/games/id/1101501/tour/2021.html
2021,https://www.plusliga.pl/games/id/1101500/tour/2021.html
2021,https://www.plusliga.pl/games/id/1101499/tour/2021.html
2021,https://www.plusliga.pl/games/id/1101498/tour/2021.html
2021,https://www.plusliga.pl/games/id/1101497/tour/2021.html
2021,https://www.plusliga.pl/games/id/1101496/tour/2021.html
2021,https://www.plusliga.pl/games/id/1101495/tour/2021.html
2021,https://www.plusliga.pl/games/id/1101494/tour/2021.html
2021,https://www.plusliga.pl/games/id/1101493/tour/2021.html
2021,https://www.plusliga.pl/games/id/1101492/tour/2021.html
2021,https://www.plusliga.pl/games/id/1101491/tour/2021.html
2021,https://www.plusliga.pl/games/id/1101490/tour/2021.html
2021,https://www.plusliga.pl/games/id/1101489/tour/2021.html
2021,https://www.plusliga.pl/games/id/1101488/tour/2021.html
2021,https://www.plusliga.pl/games/id/1101487/tour/2021.html
2021,https://www.plusliga.pl/games/id/1101486/tour/2021.html
2021,https://www.plusliga.pl/games/id/1101485/tour/2021.html
2021,https://www.plusliga.pl/games/id/1101484/tour/2021.html
2021,https://www.plusliga.pl/games/id/1101483/tour/2021.html
2021,https://www.plusliga.pl/games/id/1101482/tour/2021.html
2021,https://www.plusliga.pl/games/id/1101481/tour/2021.html
2021,https://www.plusliga.pl/games/id/1101480/tour/2021.html
2021,https://www.plusliga.pl/games/id/1101479/tour/2021.html
2021,https://www.plusliga.pl/games/id/1101478/tour/2021.html
2021,https://www.plusliga.pl/games/id/1101477/tour/2021.html
2021,https://www.plusliga.pl/games/id/1101476/tour/2021.html
2021,https://www.plusliga.pl/games/id/1101475/tour/2021.html
2021,https://www.plusliga.pl/games/id/1101474/tour/2021.html
2021,https://www.plusliga.pl/games/id/1101473/tour/2021.html
2021,https://www.plusliga.pl/games/id/1101472/tour/2021.html
2021,https://www.plusliga.pl/games/id/1101471/tour/2021.html
2021,https://www.plusliga.pl/games/id/1101470/tour/2021.html
2021,https://www.plusliga.pl/games/id/1101469/tour/2021.html
2021,https://www.plusliga.pl/games/id/1101468/tour/2021.html
2021,https://www.plusliga.pl/games/id/1101467/tour/2021.html
2021,https://www.plusliga.pl/games/id/1101466/tour/2021.html
2021,https://www.plusliga.pl/games/id/1101465/tour/2021.html
2021,https://www.plusliga.pl/games/id/1101464/tour/2021.html
2021,https://www.plusliga.pl/games/id/1101463/tour/2021.html
2021,https://www.plusliga.pl/games/id/1101462/tour/2021.html
2021,https://www.plusliga.pl/games/id/1101461/tour/2021.html
2021,https://www.plusliga.pl/games/id/1101460/tour/2021.html
2021,https://www.plusliga.pl/games/id/1101459/tour/2021.html
2021,https://www.plusliga.pl/games/id/1101458/tour/2021.html
2021,https://www.plusliga.pl/games/id/1101457/tour/2021.html
2021,https://www.plusliga.pl/games/id/1101456/tour/2021.html
2021,https://www.plusliga.pl/games/id/1101455/tour/2021.html
2021,https://www.plusliga.pl/games/id/1101454/tour/2021.html
2021,https://www.plusliga.pl/games/id/1101453/tour/2021.html
2021,https://www.plusliga.pl/games/id/1101452/tour/2021.html
2021,https://www.plusliga.pl/games/id/1101451/tour/2021.html
2021,https://www.plusliga.pl/games/id/1101450/tour/2021.html
2021,https://www.plusliga.pl/games/id/1101449/tour/2021.html
2021,https://www.plusliga.pl/games/id/1101448/tour/2021.html
2021,https://www.plusliga.pl/games/id/1101447/tour/2021.html
2021,https://www.plusliga.pl/games/id/1101446/tour/2021.html
2021,https://www.plusliga.pl/games/id/1101445/tour/2021.html
2021,https://www.plusliga.pl/games/id/1101444/tour/2021.html
2021,https://www.plusliga.pl/games/id/1101443/tour/2021.html
2021,https://www.plusliga.pl/games/id/1101442/tour/2021.html
2021,https://www.plusliga.pl/games/id/1101441/tour/2021.html
2021,https://www.plusliga.pl/games/id/1101440/tour/2021.html
2021,https://www.plusliga.pl/games/id/1101439/tour/2021.html
2021,https://www.plusliga.pl/games/id/1101438/tour/2021.html
2021,https://www.plusliga.pl/games/id/1101437/tour/2021.html
2021,https://www.plusliga.pl/games/id/1101436/tour/2021.html
2021,https://www.plusliga.pl/games/id/1101435/tour/2021.html
2021,https://www.plusliga.pl/games/id/1101434/tour/2021.html
2021,https://www.plusliga.pl/games/id/1101433/tour/2021.html
2021,https://www.plusliga.pl/games/id/1101432/tour/2021.html
2021,https://www.plusliga.pl/games/id/1101431/tour/2021.html
2021,https://www.plusliga.pl/games/id/1101430/tour/2021.html
2021,https://www.plusliga.pl/games/id/1101429/tour/2021.html
2021,https://www.plusliga.pl/games/id/1101428/tour/2021.html
2021,https://www.plusliga.pl/games/id/1101427/tour/2021.html
2021,https://www.plusliga.pl/games/id/1101426/tour/2021.html
2021,https://www.plusliga.pl/games/id/1101425/tour/2021.html
2021,https://www.plusliga.pl/games/id/1101424/tour/2021.html
2021,https://www.plusliga.pl/games/id/1101423/tour/2021.html
2021,https://www.plusliga.pl/games/id/1101422/tour/2021.html
2021,https://www.plusliga.pl/games/id/1101421/tour/2021.html
2021,https://www.plusliga.pl/games/id/1101420/tour/2021.html
2021,https://www.plusliga.pl/games/id/1101419/tour/2021.html
2021,https://www.plusliga.pl/games/id/1101418/tour/2021.html
2021,https://www.plusliga.pl/games/id/1101417/tour/2021.html
2021,https://www.plusliga.pl/games/id/1101416/tour/2021.html
2021,https://www.plusliga.pl/games/id/1101415/tour/2021.html
2021,https://www.plusliga.pl/games/id/1101414/tour/2021.html
2021,https://www.plusliga.pl/games/id/1101413/tour/2021.html
2021,https://www.plusliga.pl/games/id/1101412/tour/2021.html
2021,https://www.plusliga.pl/games/id/1101411/tour/2021.html
2021,https://www.plusliga.pl/games/id/1101410/tour/2021.html
2021,https://www.plusliga.pl/games/id/1101409/tour/2021.html
2021,https://www.plusliga.pl/games/id/1101408/tour/2021.html
2021,https://www.plusliga.pl/games/id/1101407/tour/2021.html
2021,https://www.plusliga.pl/games/id/1101406/tour/2021.html
2021,https://www.plusliga.pl/games/id/1101405/tour/2021.html
2021,https://www.plusliga.pl/games/id/1101404/tour/2021.html
2021,https://www.plusliga.pl/games/id/1101403/tour/2021.html
2021,https://www.plusliga.pl/games/id/1101402/tour/2021.html
2021,https://www.plusliga.pl/games/id/1101401/tour/2021.html
2021,https://www.plusliga.pl/games/id/1101400/tour/2021.html
2021,https://www.plusliga.pl/games/id/1101399/tour/2021.html
2021,https://www.plusliga.pl/games/id/1101398/tour/2021.html
2021,https://www.plusliga.pl/games/id/1101397/tour/2021.html
2022,https://www.plusliga.pl/games/id/1102686/tour/2022.html
2022,https://www.plusliga.pl/games/id/1102687/tour/2022.html
2022,https://www.plusliga.pl/games/id/1102688/tour/2022.html
2022,https://www.plusliga.pl/games/id/1102689/tour/2022.html
2022,https://www.plusliga.pl/games/id/1102690/tour/2022.html
2022,https://www.plusliga.pl/games/id/1102710/tour/2022.html
2022,https://www.plusliga.pl/games/id/1102709/tour/2022.html
2022,https://www.plusliga.pl/games/id/1102716/tour/2022.html
2022,https://www.plusliga.pl/games/id/1102691/tour/2022.html
2022,https://www.plusliga.pl/games/id/1102717/tour/2022.html
2022,https://www.plusliga.pl/games/id/1102718/tour/2022.html
2022,https://www.plusliga.pl/games/id/1102721/tour/2022.html
2022,https://www.plusliga.pl/games/id/1102722/tour/2022.html
2022,https://www.plusliga.pl/games/id/1102723/tour/2022.html
2022,https://www.plusliga.pl/games/id/1102724/tour/2022.html
2022,https://www.plusliga.pl/games/id/1102726/tour/2022.html
2022,https://www.plusliga.pl/games/id/1102727/tour/2022.html
2022,https://www.plusliga.pl/games/id/1102728/tour/2022.html
2022,https://www.plusliga.pl/games/id/1102729/tour/2022.html
2022,https://www.plusliga.pl/games/id/1102730/tour/2022.html
2022,https://www.plusliga.pl/games/id/1102731/tour/2022.html
2022,https://www.plusliga.pl/games/id/1102732/tour/2022.html
2022,https://www.plusliga.pl/games/id/1102683/tour/2022.html
2022,https://www.plusliga.pl/games/id/1102684/tour/2022.html
2022,https://www.plusliga.pl/games/id/1102685/tour/2022.html
2022,https://www.plusliga.pl/games/id/1102692/tour/2022.html
2022,https://www.plusliga.pl/games/id/1102693/tour/2022.html
2022,https://www.plusliga.pl/games/id/1102694/tour/2022.html
2022,https://www.plusliga.pl/games/id/1102695/tour/2022.html
2022,https://www.plusliga.pl/games/id/1102696/tour/2022.html
2022,https://www.plusliga.pl/games/id/1102697/tour/2022.html
2022,https://www.plusliga.pl/games/id/1102698/tour/2022.html
2022,https://www.plusliga.pl/games/id/1102699/tour/2022.html
2022,https://www.plusliga.pl/games/id/1102701/tour/2022.html
2022,https://www.plusliga.pl/games/id/1102700/tour/2022.html
2022,https://www.plusliga.pl/games/id/1102702/tour/2022.html
2022,https://www.plusliga.pl/games/id/1102703/tour/2022.html
2022,https://www.plusliga.pl/games/id/1102708/tour/2022.html
2022,https://www.plusliga.pl/games/id/1102706/tour/2022.html
2022,https://www.plusliga.pl/games/id/1102707/tour/2022.html
2022,https://www.plusliga.pl/games/id/1102711/tour/2022.html
2022,https://www.plusliga.pl/games/id/1102712/tour/2022.html
2022,https://www.plusliga.pl/games/id/1102713/tour/2022.html
2022,https://www.plusliga.pl/games/id/1102714/tour/2022.html
2022,https://www.plusliga.pl/games/id/1102715/tour/2022.html
2022,https://www.plusliga.pl/games/id/1102342/tour/2022.html
2022,https://www.plusliga.pl/games/id/1102341/tour/2022.html
2022,https://www.plusliga.pl/games/id/1102190/tour/2022.html
2022,https://www.plusliga.pl/games/id/1102169/tour/2022.html
2022,https://www.plusliga.pl/games/id/1102170/tour/2022.html
2022,https://www.plusliga.pl/games/id/1102171/tour/2022.html
2022,https://www.plusliga.pl/games/id/1102172/tour/2022.html
2022,https://www.plusliga.pl/games/id/1102340/tour/2022.html
2022,https://www.plusliga.pl/games/id/1102173/tour/2022.html
2022,https://www.plusliga.pl/games/id/1102343/tour/2022.html
2022,https://www.plusliga.pl/games/id/1102174/tour/2022.html
2022,https://www.plusliga.pl/games/id/1102175/tour/2022.html
2022,https://www.plusliga.pl/games/id/1102176/tour/2022.html
2022,https://www.plusliga.pl/games/id/1102177/tour/2022.html
2022,https://www.plusliga.pl/games/id/1102344/tour/2022.html
2022,https://www.plusliga.pl/games/id/1102178/tour/2022.html
2022,https://www.plusliga.pl/games/id/1102345/tour/2022.html
2022,https://www.plusliga.pl/games/id/1102361/tour/2022.html
2022,https://www.plusliga.pl/games/id/1102179/tour/2022.html
2022,https://www.plusliga.pl/games/id/1102180/tour/2022.html
2022,https://www.plusliga.pl/games/id/1102181/tour/2022.html
2022,https://www.plusliga.pl/games/id/1102182/tour/2022.html
2022,https://www.plusliga.pl/games/id/1102362/tour/2022.html
2022,https://www.plusliga.pl/games/id/1102183/tour/2022.html
2022,https://www.plusliga.pl/games/id/1102363/tour/2022.html
2022,https://www.plusliga.pl/games/id/1102184/tour/2022.html
2022,https://www.plusliga.pl/games/id/1102364/tour/2022.html
2022,https://www.plusliga.pl/games/id/1102185/tour/2022.html
2022,https://www.plusliga.pl/games/id/1102186/tour/2022.html
2022,https://www.plusliga.pl/games/id/1102365/tour/2022.html
2022,https://www.plusliga.pl/games/id/1102366/tour/2022.html
2022,https://www.plusliga.pl/games/id/1102367/tour/2022.html
2022,https://www.plusliga.pl/games/id/1102187/tour/2022.html
2022,https://www.plusliga.pl/games/id/1102368/tour/2022.html
2022,https://www.plusliga.pl/games/id/1102369/tour/2022.html
2022,https://www.plusliga.pl/games/id/1102370/tour/2022.html
2022,https://www.plusliga.pl/games/id/1102188/tour/2022.html
2022,https://www.plusliga.pl/games/id/1102371/tour/2022.html
2022,https://www.plusliga.pl/games/id/1102189/tour/2022.html
2022,https://www.plusliga.pl/games/id/1102191/tour/2022.html
2022,https://www.plusliga.pl/games/id/1102375/tour/2022.html
2022,https://www.plusliga.pl/games/id/1102192/tour/2022.html
2022,https://www.plusliga.pl/games/id/1102193/tour/2022.html
2022,https://www.plusliga.pl/games/id/1102213/tour/2022.html
2022,https://www.plusliga.pl/games/id/1102380/tour/2022.html
2022,https://www.plusliga.pl/games/id/1102214/tour/2022.html
2022,https://www.plusliga.pl/games/id/1102215/tour/2022.html
2022,https://www.plusliga.pl/games/id/1102194/tour/2022.html
2022,https://www.plusliga.pl/games/id/1102216/tour/2022.html
2022,https://www.plusliga.pl/games/id/1102195/tour/2022.html
2022,https://www.plusliga.pl/games/id/1102217/tour/2022.html
2022,https://www.plusliga.pl/games/id/1102377/tour/2022.html
2022,https://www.plusliga.pl/games/id/1102218/tour/2022.html
2022,https://www.plusliga.pl/games/id/1102196/tour/2022.html
2022,https://www.plusliga.pl/games/id/1102197/tour/2022.html
2022,https://www.plusliga.pl/games/id/1102198/tour/2022.html
2022,https://www.plusliga.pl/games/id/1102219/tour/2022.html
2022,https://www.plusliga.pl/games/id/1102199/tour/2022.html
2022,https://www.plusliga.pl/games/id/1102200/tour/2022.html
2022,https://www.plusliga.pl/games/id/1102220/tour/2022.html
2022,https://www.plusliga.pl/games/id/1102221/tour/2022.html
2022,https://www.plusliga.pl/games/id/1102374/tour/2022.html
2022,https://www.plusliga.pl/games/id/1102201/tour/2022.html
2022,https://www.plusliga.pl/games/id/1102202/tour/2022.html
2022,https://www.plusliga.pl/games/id/1102222/tour/2022.html
2022,https://www.plusliga.pl/games/id/1102203/tour/2022.html
2022,https://www.plusliga.pl/games/id/1102204/tour/2022.html
2022,https://www.plusliga.pl/games/id/1102223/tour/2022.html
2022,https://www.plusliga.pl/games/id/1102224/tour/2022.html
2022,https://www.plusliga.pl/games/id/1102225/tour/2022.html
2022,https://www.plusliga.pl/games/id/1102205/tour/2022.html
2022,https://www.plusliga.pl/games/id/1102206/tour/2022.html
2022,https://www.plusliga.pl/games/id/1102378/tour/2022.html
2022,https://www.plusliga.pl/games/id/1102207/tour/2022.html
2022,https://www.plusliga.pl/games/id/1102226/tour/2022.html
2022,https://www.plusliga.pl/games/id/1102228/tour/2022.html
2022,https://www.plusliga.pl/games/id/1102227/tour/2022.html
2022,https://www.plusliga.pl/games/id/1102229/tour/2022.html
2022,https://www.plusliga.pl/games/id/1102208/tour/2022.html
2022,https://www.plusliga.pl/games/id/1102209/tour/2022.html
2022,https://www.plusliga.pl/games/id/1102372/tour/2022.html
2022,https://www.plusliga.pl/games/id/1102210/tour/2022.html
2022,https://www.plusliga.pl/games/id/1102230/tour/2022.html
2022,https://www.plusliga.pl/games/id/1102211/tour/2022.html
2022,https://www.plusliga.pl/games/id/1102231/tour/2022.html
2022,https://www.plusliga.pl/games/id/1102232/tour/2022.html
2022,https://www.plusliga.pl/games/id/1102233/tour/2022.html
2022,https://www.plusliga.pl/games/id/1102212/tour/2022.html
2022,https://www.plusliga.pl/games/id/1102373/tour/2022.html
2022,https://www.plusliga.pl/games/id/1102234/tour/2022.html
2022,https://www.plusliga.pl/games/id/1102235/tour/2022.html
2022,https://www.plusliga.pl/games/id/1102381/tour/2022.html
2022,https://www.plusliga.pl/games/id/1102236/tour/2022.html
2022,https://www.plusliga.pl/games/id/1102237/tour/2022.html
2022,https://www.plusliga.pl/games/id/1102262/tour/2022.html
2022,https://www.plusliga.pl/games/id/1102238/tour/2022.html
2022,https://www.plusliga.pl/games/id/1102376/tour/2022.html
2022,https://www.plusliga.pl/games/id/1102263/tour/2022.html
2022,https://www.plusliga.pl/games/id/1102239/tour/2022.html
2022,https://www.plusliga.pl/games/id/1102240/tour/2022.html
2022,https://www.plusliga.pl/games/id/1102241/tour/2022.html
2022,https://www.plusliga.pl/games/id/1102264/tour/2022.html
2022,https://www.plusliga.pl/games/id/1102265/tour/2022.html
2022,https://www.plusliga.pl/games/id/1102266/tour/2022.html
2022,https://www.plusliga.pl/games/id/1102383/tour/2022.html
2022,https://www.plusliga.pl/games/id/1102267/tour/2022.html
2022,https://www.plusliga.pl/games/id/1102268/tour/2022.html
2022,https://www.plusliga.pl/games/id/1102242/tour/2022.html
2022,https://www.plusliga.pl/games/id/1102243/tour/2022.html
2022,https://www.plusliga.pl/games/id/1102244/tour/2022.html
2022,https://www.plusliga.pl/games/id/1102245/tour/2022.html
2022,https://www.plusliga.pl/games/id/1102269/tour/2022.html
2022,https://www.plusliga.pl/games/id/1102270/tour/2022.html
2022,https://www.plusliga.pl/games/id/1102246/tour/2022.html
2022,https://www.plusliga.pl/games/id/1102247/tour/2022.html
2022,https://www.plusliga.pl/games/id/1102248/tour/2022.html
2022,https://www.plusliga.pl/games/id/1102249/tour/2022.html
2022,https://www.plusliga.pl/games/id/1102250/tour/2022.html
2022,https://www.plusliga.pl/games/id/1102271/tour/2022.html
2022,https://www.plusliga.pl/games/id/1102379/tour/2022.html
2022,https://www.plusliga.pl/games/id/1102272/tour/2022.html
2022,https://www.plusliga.pl/games/id/1102273/tour/2022.html
2022,https://www.plusliga.pl/games/id/1102251/tour/2022.html
2022,https://www.plusliga.pl/games/id/1102252/tour/2022.html
2022,https://www.plusliga.pl/games/id/1102253/tour/2022.html
2022,https://www.plusliga.pl/games/id/1102254/tour/2022.html
2022,https://www.plusliga.pl/games/id/1102399/tour/2022.html
2022,https://www.plusliga.pl/games/id/1102255/tour/2022.html
2022,https://www.plusliga.pl/games/id/1102274/tour/2022.html
2022,https://www.plusliga.pl/games/id/1102275/tour/2022.html
2022,https://www.plusliga.pl/games/id/1102256/tour/2022.html
2022,https://www.plusliga.pl/games/id/1102257/tour/2022.html
2022,https://www.plusliga.pl/games/id/1102258/tour/2022.html
2022,https://www.plusliga.pl/games/id/1102400/tour/2022.html
2022,https://www.plusliga.pl/games/id/1102382/tour/2022.html
2022,https://www.plusliga.pl/games/id/1102276/tour/2022.html
2022,https://www.plusliga.pl/games/id/1102277/tour/2022.html
2022,https://www.plusliga.pl/games/id/1102278/tour/2022.html
2022,https://www.plusliga.pl/games/id/1102279/tour/2022.html
2022,https://www.plusliga.pl/games/id/1102259/tour/2022.html
2022,https://www.plusliga.pl/games/id/1102260/tour/2022.html
2022,https://www.plusliga.pl/games/id/1102261/tour/2022.html
2022,https://www.plusliga.pl/games/id/1102384/tour/2022.html
2022,https://www.plusliga.pl/games/id/1102280/tour/2022.html
2022,https://www.plusliga.pl/games/id/1102385/tour/2022.html
2022,https://www.plusliga.pl/games/id/1102281/tour/2022.html
2022,https://www.plusliga.pl/games/id/1102300/tour/2022.html
2022,https://www.plusliga.pl/games/id/1102282/tour/2022.html
2022,https://www.plusliga.pl/games/id/1102388/tour/2022.html
2022,https://www.plusliga.pl/games/id/1102386/tour/2022.html
2022,https://www.plusliga.pl/games/id/1102301/tour/2022.html
2022,https://www.plusliga.pl/games/id/1102302/tour/2022.html
2022,https://www.plusliga.pl/games/id/1102303/tour/2022.html
2022,https://www.plusliga.pl/games/id/1102304/tour/2022.html
2022,https://www.plusliga.pl/games/id/1102392/tour/2022.html
2022,https://www.plusliga.pl/games/id/1102305/tour/2022.html
2022,https://www.plusliga.pl/games/id/1102283/tour/2022.html
2022,https://www.plusliga.pl/games/id/1102306/tour/2022.html
2022,https://www.plusliga.pl/games/id/1102284/tour/2022.html
2022,https://www.plusliga.pl/games/id/1102285/tour/2022.html
2022,https://www.plusliga.pl/games/id/1102307/tour/2022.html
2022,https://www.plusliga.pl/games/id/1102286/tour/2022.html
2022,https://www.plusliga.pl/games/id/1102390/tour/2022.html
2022,https://www.plusliga.pl/games/id/1102308/tour/2022.html
2022,https://www.plusliga.pl/games/id/1102389/tour/2022.html
2022,https://www.plusliga.pl/games/id/1102309/tour/2022.html
2022,https://www.plusliga.pl/games/id/1102310/tour/2022.html
2022,https://www.plusliga.pl/games/id/1102287/tour/2022.html
2022,https://www.plusliga.pl/games/id/1102311/tour/2022.html
2022,https://www.plusliga.pl/games/id/1102288/tour/2022.html
2022,https://www.plusliga.pl/games/id/1102312/tour/2022.html
2022,https://www.plusliga.pl/games/id/1102313/tour/2022.html
2022,https://www.plusliga.pl/games/id/1102391/tour/2022.html
2022,https://www.plusliga.pl/games/id/1102289/tour/2022.html
2022,https://www.plusliga.pl/games/id/1102401/tour/2022.html
2022,https://www.plusliga.pl/games/id/1102290/tour/2022.html
2022,https://www.plusliga.pl/games/id/1102314/tour/2022.html
2022,https://www.plusliga.pl/games/id/1102291/tour/2022.html
2022,https://www.plusliga.pl/games/id/1102292/tour/2022.html
2022,https://www.plusliga.pl/games/id/1102315/tour/2022.html
2022,https://www.plusliga.pl/games/id/1102316/tour/2022.html
2022,https://www.plusliga.pl/games/id/1102403/tour/2022.html
2022,https://www.plusliga.pl/games/id/1102293/tour/2022.html
2022,https://www.plusliga.pl/games/id/1102294/tour/2022.html
2022,https://www.plusliga.pl/games/id/1102387/tour/2022.html
2022,https://www.plusliga.pl/games/id/1102295/tour/2022.html
2022,https://www.plusliga.pl/games/id/1102296/tour/2022.html
2022,https://www.plusliga.pl/games/id/1102317/tour/2022.html
2022,https://www.plusliga.pl/games/id/1102318/tour/2022.html
2022,https://www.plusliga.pl/games/id/1102319/tour/2022.html
2022,https://www.plusliga.pl/games/id/1102297/tour/2022.html
2022,https://www.plusliga.pl/games/id/1102298/tour/2022.html
2022,https://www.plusliga.pl/games/id/1102404/tour/2022.html
2022,https://www.plusliga.pl/games/id/1102299/tour/2022.html
2022,https://www.plusliga.pl/games/id/1102405/tour/2022.html
2022,https://www.plusliga.pl/games/id/1102393/tour/2022.html
2022,https://www.plusliga.pl/games/id/1102394/tour/2022.html
2022,https://www.plusliga.pl/games/id/1102406/tour/2022.html
2022,https://www.plusliga.pl/games/id/1102320/tour/2022.html
2022,https://www.plusliga.pl/games/id/1102321/tour/2022.html
2022,https://www.plusliga.pl/games/id/1102347/tour/2022.html
2022,https://www.plusliga.pl/games/id/1102322/tour/2022.html
2022,https://www.plusliga.pl/games/id/1102346/tour/2022.html
2022,https://www.plusliga.pl/games/id/1102323/tour/2022.html
2022,https://www.plusliga.pl/games/id/1102407/tour/2022.html
2022,https://www.plusliga.pl/games/id/1102395/tour/2022.html
2022,https://www.plusliga.pl/games/id/1102348/tour/2022.html
2022,https://www.plusliga.pl/games/id/1102324/tour/2022.html
2022,https://www.plusliga.pl/games/id/1102349/tour/2022.html
2022,https://www.plusliga.pl/games/id/1102325/tour/2022.html
2022,https://www.plusliga.pl/games/id/1102350/tour/2022.html
2022,https://www.plusliga.pl/games/id/1102351/tour/2022.html
2022,https://www.plusliga.pl/games/id/1102326/tour/2022.html
2022,https://www.plusliga.pl/games/id/1102327/tour/2022.html
2022,https://www.plusliga.pl/games/id/1102396/tour/2022.html
2022,https://www.plusliga.pl/games/id/1102328/tour/2022.html
2022,https://www.plusliga.pl/games/id/1102402/tour/2022.html
2022,https://www.plusliga.pl/games/id/1102352/tour/2022.html
2022,https://www.plusliga.pl/games/id/1102329/tour/2022.html
2022,https://www.plusliga.pl/games/id/1102330/tour/2022.html
2022,https://www.plusliga.pl/games/id/1102331/tour/2022.html
2022,https://www.plusliga.pl/games/id/1102353/tour/2022.html
2022,https://www.plusliga.pl/games/id/1102354/tour/2022.html
2022,https://www.plusliga.pl/games/id/1102355/tour/2022.html
2022,https://www.plusliga.pl/games/id/1102397/tour/2022.html
2022,https://www.plusliga.pl/games/id/1102356/tour/2022.html
2022,https://www.plusliga.pl/games/id/1102357/tour/2022.html
2022,https://www.plusliga.pl/games/id/1102332/tour/2022.html
2022,https://www.plusliga.pl/games/id/1102333/tour/2022.html
2022,https://www.plusliga.pl/games/id/1102334/tour/2022.html
2022,https://www.plusliga.pl/games/id/1102335/tour/2022.html
2022,https://www.plusliga.pl/games/id/1102358/tour/2022.html
2022,https://www.plusliga.pl/games/id/1102359/tour/2022.html
2022,https://www.plusliga.pl/games/id/1102336/tour/2022.html
2022,https://www.plusliga.pl/games/id/1102337/tour/2022.html
2022,https://www.plusliga.pl/games/id/1102408/tour/2022.html
2022,https://www.plusliga.pl/games/id/1102338/tour/2022.html
2022,https://www.plusliga.pl/games/id/1102339/tour/2022.html
2022,https://www.plusliga.pl/games/id/1102398/tour/2022.html
2022,https://www.plusliga.pl/games/id/1102360/tour/2022.html
2022,https://www.plusliga.pl/games/id/1102686/tour/2022.html
2022,https://www.plusliga.pl/games/id/1102687/tour/2022.html
2022,https://www.plusliga.pl/games/id/1102688/tour/2022.html
2022,https://www.plusliga.pl/games/id/1102689/tour/2022.html
2022,https://www.plusliga.pl/games/id/1102690/tour/2022.html
2022,https://www.plusliga.pl/games/id/1102710/tour/2022.html
2022,https://www.plusliga.pl/games/id/1102709/tour/2022.html
2022,https://www.plusliga.pl/games/id/1102716/tour/2022.html
2022,https://www.plusliga.pl/games/id/1102691/tour/2022.html
2022,https://www.plusliga.pl/games/id/1102717/tour/2022.html
2022,https://www.plusliga.pl/games/id/1102718/tour/2022.html
2022,https://www.plusliga.pl/games/id/1102721/tour/2022.html
2022,https://www.plusliga.pl/games/id/1102722/tour/2022.html
2022,https://www.plusliga.pl/games/id/1102723/tour/2022.html
2022,https://www.plusliga.pl/games/id/1102724/tour/2022.html
2022,https://www.plusliga.pl/games/id/1102726/tour/2022.html
2022,https://www.plusliga.pl/games/id/1102727/tour/2022.html
2022,https://www.plusliga.pl/games/id/1102728/tour/2022.html
2022,https://www.plusliga.pl/games/id/1102729/tour/2022.html
2022,https://www.plusliga.pl/games/id/1102730/tour/2022.html
2022,https://www.plusliga.pl/games/id/1102731/tour/2022.html
2022,https://www.plusliga.pl/games/id/1102732/tour/2022.html
2022,https://www.plusliga.pl/games/id/1102683/tour/2022.html
2022,https://www.plusliga.pl/games/id/1102684/tour/2022.html
2022,https://www.plusliga.pl/games/id/1102685/tour/2022.html
2022,https://www.plusliga.pl/games/id/1102692/tour/2022.html
2022,https://www.plusliga.pl/games/id/1102693/tour/2022.html
2022,https://www.plusliga.pl/games/id/1102694/tour/2022.html
2022,https://www.plusliga.pl/games/id/1102695/tour/2022.html
2022,https://www.plusliga.pl/games/id/1102696/tour/2022.html
2022,https://www.plusliga.pl/games/id/1102697/tour/2022.html
2022,https://www.plusliga.pl/games/id/1102698/tour/2022.html
2022,https://www.plusliga.pl/games/id/1102699/tour/2022.html
2022,https://www.plusliga.pl/games/id/1102701/tour/2022.html
2022,https://www.plusliga.pl/games/id/1102700/tour/2022.html
2022,https://www.plusliga.pl/games/id/1102702/tour/2022.html
2022,https://www.plusliga.pl/games/id/1102703/tour/2022.html
2022,https://www.plusliga.pl/games/id/1102708/tour/2022.html
2022,https://www.plusliga.pl/games/id/1102706/tour/2022.html
2022,https://www.plusliga.pl/games/id/1102707/tour/2022.html
2022,https://www.plusliga.pl/games/id/1102711/tour/2022.html
2022,https://www.plusliga.pl/games/id/1102712/tour/2022.html
2022,https://www.plusliga.pl/games/id/1102713/tour/2022.html
2022,https://www.plusliga.pl/games/id/1102714/tour/2022.html
2022,https://www.plusliga.pl/games/id/1102715/tour/2022.html
2022,https://www.plusliga.pl/games/id/1102342/tour/2022.html
2022,https://www.plusliga.pl/games/id/1102341/tour/2022.html
2022,https://www.plusliga.pl/games/id/1102190/tour/2022.html
2022,https://www.plusliga.pl/games/id/1102169/tour/2022.html
2022,https://www.plusliga.pl/games/id/1102170/tour/2022.html
2022,https://www.plusliga.pl/games/id/1102171/tour/2022.html
2022,https://www.plusliga.pl/games/id/1102172/tour/2022.html
2022,https://www.plusliga.pl/games/id/1102340/tour/2022.html
2022,https://www.plusliga.pl/games/id/1102173/tour/2022.html
2022,https://www.plusliga.pl/games/id/1102343/tour/2022.html
2022,https://www.plusliga.pl/games/id/1102174/tour/2022.html
2022,https://www.plusliga.pl/games/id/1102175/tour/2022.html
2022,https://www.plusliga.pl/games/id/1102176/tour/2022.html
2022,https://www.plusliga.pl/games/id/1102177/tour/2022.html
2022,https://www.plusliga.pl/games/id/1102344/tour/2022.html
2022,https://www.plusliga.pl/games/id/1102178/tour/2022.html
2022,https://www.plusliga.pl/games/id/1102345/tour/2022.html
2022,https://www.plusliga.pl/games/id/1102361/tour/2022.html
2022,https://www.plusliga.pl/games/id/1102179/tour/2022.html
2022,https://www.plusliga.pl/games/id/1102180/tour/2022.html
2022,https://www.plusliga.pl/games/id/1102181/tour/2022.html
2022,https://www.plusliga.pl/games/id/1102182/tour/2022.html
2022,https://www.plusliga.pl/games/id/1102362/tour/2022.html
2022,https://www.plusliga.pl/games/id/1102183/tour/2022.html
2022,https://www.plusliga.pl/games/id/1102363/tour/2022.html
2022,https://www.plusliga.pl/games/id/1102184/tour/2022.html
2022,https://www.plusliga.pl/games/id/1102364/tour/2022.html
2022,https://www.plusliga.pl/games/id/1102185/tour/2022.html
2022,https://www.plusliga.pl/games/id/1102186/tour/2022.html
2022,https://www.plusliga.pl/games/id/1102365/tour/2022.html
2022,https://www.plusliga.pl/games/id/1102366/tour/2022.html
2022,https://www.plusliga.pl/games/id/1102367/tour/2022.html
2022,https://www.plusliga.pl/games/id/1102187/tour/2022.html
2022,https://www.plusliga.pl/games/id/1102368/tour/2022.html
2022,https://www.plusliga.pl/games/id/1102369/tour/2022.html
2022,https://www.plusliga.pl/games/id/1102370/tour/2022.html
2022,https://www.plusliga.pl/games/id/1102188/tour/2022.html
2022,https://www.plusliga.pl/games/id/1102371/tour/2022.html
2022,https://www.plusliga.pl/games/id/1102189/tour/2022.html
2022,https://www.plusliga.pl/games/id/1102191/tour/2022.html
2022,https://www.plusliga.pl/games/id/1102375/tour/2022.html
2022,https://www.plusliga.pl/games/id/1102192/tour/2022.html
2022,https://www.plusliga.pl/games/id/1102193/tour/2022.html
2022,https://www.plusliga.pl/games/id/1102213/tour/2022.html
2022,https://www.plusliga.pl/games/id/1102380/tour/2022.html
2022,https://www.plusliga.pl/games/id/1102214/tour/2022.html
2022,https://www.plusliga.pl/games/id/1102215/tour/2022.html
2022,https://www.plusliga.pl/games/id/1102194/tour/2022.html
2022,https://www.plusliga.pl/games/id/1102216/tour/2022.html
2022,https://www.plusliga.pl/games/id/1102195/tour/2022.html
2022,https://www.plusliga.pl/games/id/1102217/tour/2022.html
2022,https://www.plusliga.pl/games/id/1102377/tour/2022.html
2022,https://www.plusliga.pl/games/id/1102218/tour/2022.html
2022,https://www.plusliga.pl/games/id/1102196/tour/2022.html
2022,https://www.plusliga.pl/games/id/1102197/tour/2022.html
2022,https://www.plusliga.pl/games/id/1102198/tour/2022.html
2022,https://www.plusliga.pl/games/id/1102219/tour/2022.html
2022,https://www.plusliga.pl/games/id/1102199/tour/2022.html
2022,https://www.plusliga.pl/games/id/1102200/tour/2022.html
2022,https://www.plusliga.pl/games/id/1102220/tour/2022.html
2022,https://www.plusliga.pl/games/id/1102221/tour/2022.html
2022,https://www.plusliga.pl/games/id/1102374/tour/2022.html
2022,https://www.plusliga.pl/games/id/1102201/tour/2022.html
2022,https://www.plusliga.pl/games/id/1102202/tour/2022.html
2022,https://www.plusliga.pl/games/id/1102222/tour/2022.html
2022,https://www.plusliga.pl/games/id/1102203/tour/2022.html
2022,https://www.plusliga.pl/games/id/1102204/tour/2022.html
2022,https://www.plusliga.pl/games/id/1102223/tour/2022.html
2022,https://www.plusliga.pl/games/id/1102224/tour/2022.html
2022,https://www.plusliga.pl/games/id/1102225/tour/2022.html
2022,https://www.plusliga.pl/games/id/1102205/tour/2022.html
2022,https://www.plusliga.pl/games/id/1102206/tour/2022.html
2022,https://www.plusliga.pl/games/id/1102378/tour/2022.html
2022,https://www.plusliga.pl/games/id/1102207/tour/2022.html
2022,https://www.plusliga.pl/games/id/1102226/tour/2022.html
2022,https://www.plusliga.pl/games/id/1102228/tour/2022.html
2022,https://www.plusliga.pl/games/id/1102227/tour/2022.html
2022,https://www.plusliga.pl/games/id/1102229/tour/2022.html
2022,https://www.plusliga.pl/games/id/1102208/tour/2022.html
2022,https://www.plusliga.pl/games/id/1102209/tour/2022.html
2022,https://www.plusliga.pl/games/id/1102372/tour/2022.html
2022,https://www.plusliga.pl/games/id/1102210/tour/2022.html
2022,https://www.plusliga.pl/games/id/1102230/tour/2022.html
2022,https://www.plusliga.pl/games/id/1102211/tour/2022.html
2022,https://www.plusliga.pl/games/id/1102231/tour/2022.html
2022,https://www.plusliga.pl/games/id/1102232/tour/2022.html
2022,https://www.plusliga.pl/games/id/1102233/tour/2022.html
2022,https://www.plusliga.pl/games/id/1102212/tour/2022.html
2022,https://www.plusliga.pl/games/id/1102373/tour/2022.html
2022,https://www.plusliga.pl/games/id/1102234/tour/2022.html
2022,https://www.plusliga.pl/games/id/1102235/tour/2022.html
2022,https://www.plusliga.pl/games/id/1102381/tour/2022.html
2022,https://www.plusliga.pl/games/id/1102236/tour/2022.html
2022,https://www.plusliga.pl/games/id/1102237/tour/2022.html
2022,https://www.plusliga.pl/games/id/1102262/tour/2022.html
2022,https://www.plusliga.pl/games/id/1102238/tour/2022.html
2022,https://www.plusliga.pl/games/id/1102376/tour/2022.html
2022,https://www.plusliga.pl/games/id/1102263/tour/2022.html
2022,https://www.plusliga.pl/games/id/1102239/tour/2022.html
2022,https://www.plusliga.pl/games/id/1102240/tour/2022.html
2022,https://www.plusliga.pl/games/id/1102241/tour/2022.html
2022,https://www.plusliga.pl/games/id/1102264/tour/2022.html
2022,https://www.plusliga.pl/games/id/1102265/tour/2022.html
2022,https://www.plusliga.pl/games/id/1102266/tour/2022.html
2022,https://www.plusliga.pl/games/id/1102383/tour/2022.html
2022,https://www.plusliga.pl/games/id/1102267/tour/2022.html
2022,https://www.plusliga.pl/games/id/1102268/tour/2022.html
2022,https://www.plusliga.pl/games/id/1102242/tour/2022.html
2022,https://www.plusliga.pl/games/id/1102243/tour/2022.html
2022,https://www.plusliga.pl/games/id/1102244/tour/2022.html
2022,https://www.plusliga.pl/games/id/1102245/tour/2022.html
2022,https://www.plusliga.pl/games/id/1102269/tour/2022.html
2022,https://www.plusliga.pl/games/id/1102270/tour/2022.html
2022,https://www.plusliga.pl/games/id/1102246/tour/2022.html
2022,https://www.plusliga.pl/games/id/1102247/tour/2022.html
2022,https://www.plusliga.pl/games/id/1102248/tour/2022.html
2022,https://www.plusliga.pl/games/id/1102249/tour/2022.html
2022,https://www.plusliga.pl/games/id/1102250/tour/2022.html
2022,https://www.plusliga.pl/games/id/1102271/tour/2022.html
2022,https://www.plusliga.pl/games/id/1102379/tour/2022.html
2022,https://www.plusliga.pl/games/id/1102272/tour/2022.html
2022,https://www.plusliga.pl/games/id/1102273/tour/2022.html
2022,https://www.plusliga.pl/games/id/1102251/tour/2022.html
2022,https://www.plusliga.pl/games/id/1102252/tour/2022.html
2022,https://www.plusliga.pl/games/id/1102253/tour/2022.html
2022,https://www.plusliga.pl/games/id/1102254/tour/2022.html
2022,https://www.plusliga.pl/games/id/1102399/tour/2022.html
2022,https://www.plusliga.pl/games/id/1102255/tour/2022.html
2022,https://www.plusliga.pl/games/id/1102274/tour/2022.html
2022,https://www.plusliga.pl/games/id/1102275/tour/2022.html
2022,https://www.plusliga.pl/games/id/1102256/tour/2022.html
2022,https://www.plusliga.pl/games/id/1102257/tour/2022.html
2022,https://www.plusliga.pl/games/id/1102258/tour/2022.html
2022,https://www.plusliga.pl/games/id/1102400/tour/2022.html
2022,https://www.plusliga.pl/games/id/1102382/tour/2022.html
2022,https://www.plusliga.pl/games/id/1102276/tour/2022.html
2022,https://www.plusliga.pl/games/id/1102277/tour/2022.html
2022,https://www.plusliga.pl/games/id/1102278/tour/2022.html
2022,https://www.plusliga.pl/games/id/1102279/tour/2022.html
2022,https://www.plusliga.pl/games/id/1102259/tour/2022.html
2022,https://www.plusliga.pl/games/id/1102260/tour/2022.html
2022,https://www.plusliga.pl/games/id/1102261/tour/2022.html
2022,https://www.plusliga.pl/games/id/1102384/tour/2022.html
2022,https://www.plusliga.pl/games/id/1102280/tour/2022.html
2022,https://www.plusliga.pl/games/id/1102385/tour/2022.html
2022,https://www.plusliga.pl/games/id/1102281/tour/2022.html
2022,https://www.plusliga.pl/games/id/1102300/tour/2022.html
2022,https://www.plusliga.pl/games/id/1102282/tour/2022.html
2022,https://www.plusliga.pl/games/id/1102388/tour/2022.html
2022,https://www.plusliga.pl/games/id/1102386/tour/2022.html
2022,https://www.plusliga.pl/games/id/1102301/tour/2022.html
2022,https://www.plusliga.pl/games/id/1102302/tour/2022.html
2022,https://www.plusliga.pl/games/id/1102303/tour/2022.html
2022,https://www.plusliga.pl/games/id/1102304/tour/2022.html
2022,https://www.plusliga.pl/games/id/1102392/tour/2022.html
2022,https://www.plusliga.pl/games/id/1102305/tour/2022.html
2022,https://www.plusliga.pl/games/id/1102283/tour/2022.html
2022,https://www.plusliga.pl/games/id/1102306/tour/2022.html
2022,https://www.plusliga.pl/games/id/1102284/tour/2022.html
2022,https://www.plusliga.pl/games/id/1102285/tour/2022.html
2022,https://www.plusliga.pl/games/id/1102307/tour/2022.html
2022,https://www.plusliga.pl/games/id/1102286/tour/2022.html
2022,https://www.plusliga.pl/games/id/1102390/tour/2022.html
2022,https://www.plusliga.pl/games/id/1102308/tour/2022.html
2022,https://www.plusliga.pl/games/id/1102389/tour/2022.html
2022,https://www.plusliga.pl/games/id/1102309/tour/2022.html
2022,https://www.plusliga.pl/games/id/1102310/tour/2022.html
2022,https://www.plusliga.pl/games/id/1102287/tour/2022.html
2022,https://www.plusliga.pl/games/id/1102311/tour/2022.html
2022,https://www.plusliga.pl/games/id/1102288/tour/2022.html
2022,https://www.plusliga.pl/games/id/1102312/tour/2022.html
2022,https://www.plusliga.pl/games/id/1102313/tour/2022.html
2022,https://www.plusliga.pl/games/id/1102391/tour/2022.html
2022,https://www.plusliga.pl/games/id/1102289/tour/2022.html
2022,https://www.plusliga.pl/games/id/1102401/tour/2022.html
2022,https://www.plusliga.pl/games/id/1102290/tour/2022.html
2022,https://www.plusliga.pl/games/id/1102314/tour/2022.html
2022,https://www.plusliga.pl/games/id/1102291/tour/2022.html
2022,https://www.plusliga.pl/games/id/1102292/tour/2022.html
2022,https://www.plusliga.pl/games/id/1102315/tour/2022.html
2022,https://www.plusliga.pl/games/id/1102316/tour/2022.html
2022,https://www.plusliga.pl/games/id/1102403/tour/2022.html
2022,https://www.plusliga.pl/games/id/1102293/tour/2022.html
2022,https://www.plusliga.pl/games/id/1102294/tour/2022.html
2022,https://www.plusliga.pl/games/id/1102387/tour/2022.html
2022,https://www.plusliga.pl/games/id/1102295/tour/2022.html
2022,https://www.plusliga.pl/games/id/1102296/tour/2022.html
2022,https://www.plusliga.pl/games/id/1102317/tour/2022.html
2022,https://www.plusliga.pl/games/id/1102318/tour/2022.html
2022,https://www.plusliga.pl/games/id/1102319/tour/2022.html
2022,https://www.plusliga.pl/games/id/1102297/tour/2022.html
2022,https://www.plusliga.pl/games/id/1102298/tour/2022.html
2022,https://www.plusliga.pl/games/id/1102404/tour/2022.html
2022,https://www.plusliga.pl/games/id/1102299/tour/2022.html
2022,https://www.plusliga.pl/games/id/1102405/tour/2022.html
2022,https://www.plusliga.pl/games/id/1102393/tour/2022.html
2022,https://www.plusliga.pl/games/id/1102394/tour/2022.html
2022,https://www.plusliga.pl/games/id/1102406/tour/2022.html
2022,https://www.plusliga.pl/games/id/1102320/tour/2022.html
2022,https://www.plusliga.pl/games/id/1102321/tour/2022.html
2022,https://www.plusliga.pl/games/id/1102347/tour/2022.html
2022,https://www.plusliga.pl/games/id/1102322/tour/2022.html
2022,https://www.plusliga.pl/games/id/1102346/tour/2022.html
2022,https://www.plusliga.pl/games/id/1102323/tour/2022.html
2022,https://www.plusliga.pl/games/id/1102407/tour/2022.html
2022,https://www.plusliga.pl/games/id/1102395/tour/2022.html
2022,https://www.plusliga.pl/games/id/1102348/tour/2022.html
2022,https://www.plusliga.pl/games/id/1102324/tour/2022.html
2022,https://www.plusliga.pl/games/id/1102349/tour/2022.html
2022,https://www.plusliga.pl/games/id/1102325/tour/2022.html
2022,https://www.plusliga.pl/games/id/1102350/tour/2022.html
2022,https://www.plusliga.pl/games/id/1102351/tour/2022.html
2022,https://www.plusliga.pl/games/id/1102326/tour/2022.html
2022,https://www.plusliga.pl/games/id/1102327/tour/2022.html
2022,https://www.plusliga.pl/games/id/1102396/tour/2022.html
2022,https://www.plusliga.pl/games/id/1102328/tour/2022.html
2022,https://www.plusliga.pl/games/id/1102402/tour/2022.html
2022,https://www.plusliga.pl/games/id/1102352/tour/2022.html
2022,https://www.plusliga.pl/games/id/1102329/tour/2022.html
2022,https://www.plusliga.pl/games/id/1102330/tour/2022.html
2022,https://www.plusliga.pl/games/id/1102331/tour/2022.html
2022,https://www.plusliga.pl/games/id/1102353/tour/2022.html
2022,https://www.plusliga.pl/games/id/1102354/tour/2022.html
2022,https://www.plusliga.pl/games/id/1102355/tour/2022.html
2022,https://www.plusliga.pl/games/id/1102397/tour/2022.html
2022,https://www.plusliga.pl/games/id/1102356/tour/2022.html
2022,https://www.plusliga.pl/games/id/1102357/tour/2022.html
2022,https://www.plusliga.pl/games/id/1102332/tour/2022.html
2022,https://www.plusliga.pl/games/id/1102333/tour/2022.html
2022,https://www.plusliga.pl/games/id/1102334/tour/2022.html
2022,https://www.plusliga.pl/games/id/1102335/tour/2022.html
2022,https://www.plusliga.pl/games/id/1102358/tour/2022.html
2022,https://www.plusliga.pl/games/id/1102359/tour/2022.html
2022,https://www.plusliga.pl/games/id/1102336/tour/2022.html
2022,https://www.plusliga.pl/games/id/1102337/tour/2022.html
2022,https://www.plusliga.pl/games/id/1102408/tour/2022.html
2022,https://www.plusliga.pl/games/id/1102338/tour/2022.html
2022,https://www.plusliga.pl/games/id/1102339/tour/2022.html
2022,https://www.plusliga.pl/games/id/1102398/tour/2022.html
2022,https://www.plusliga.pl/games/id/1102360/tour/2022.html
